A,B,Y
0.3209438425290319,0.8713663052276559,0
0.8865249770911637,-0.17182396501120537,0
-0.7404138752714841,0.5373756460769434,0
-0.023478631105705028,-1.0401993018493279,0
-0.8009501213122503,-0.31567702386461194,0
-0.7263524763394965,-0.8029145821753131,0
-0.9473298360574681,0.07404783175819263,0
0.6548695472577164,-0.3733019004002429,1
0.644227678138896,-0.4642345476891425,0
1.1792409177804974,-0.3368591370271694,0
1.0754341853036842,-0.3716571665994067,0
-0.9400976873624663,-0.4448811470981236,0
0.5271356592770476,0.9742996820560512,0
-0.39503061740900325,-1.0029005719919053,0
0.6539233694396104,-0.6609022583147586,0
0.32636602445425256,-0.7613573517747051,0
-0.9969861292419634,0.45713425428394433,0
-0.9961629716067606,-0.32696962080869363,0
-0.03012796040974771,0.915653611734419,0
-0.060564498523390076,1.0905279303895103,0
1.2023431555862403,0.16297765495473016,0
-0.2630580411862918,-1.0021395339573265,0
-0.8907593842338661,-0.08176884685173541,0
0.06505209742813643,0.5353190694127171,1
-0.7874623320319194,0.5174577964408553,0
-1.1792274977767836,0.43185907107837873,0
1.1651975903310077,0.11173889981820471,0
0.10502417718626539,0.9649755836876482,0
0.6851727537324237,0.4456565580011388,0
-0.1372050284134793,0.9681418393080898,0
1.0962041673805276,-0.4633683870134963,0
-1.1731662613239748,0.19571237307881362,0
0.885828611883915,-0.21310340640235206,0
0.5108427827687809,-1.0174735963196417,0
0.6809945859506414,-0.1356420081413398,0
-0.7032669883810064,-0.7349427369036218,0
1.1034980611740053,-0.10969648541303095,0
-0.9859514042946755,-0.23700320902284477,0
-0.7464915453028579,-0.8188169379571646,0
-0.5665813796880157,-0.228912552873512,1
-0.739261975940336,1.2226833861150044,0
0.5864496881773877,0.891033206201491,0
0.8579552058617482,-0.15055093566103084,0
0.8384592326321333,-0.008810956148208803,0
0.5085196952990519,0.8185062412709853,0
-0.042592352393751504,-0.9748357077105618,0
-0.1968890160938227,0.5921415257439919,0
-0.10370825599704309,-1.200349068924696,0
1.1889669348727963,0.15241234824026909,0
-0.07390310290967456,0.9229833695942098,0
-0.6501208324142351,-0.4886756513416287,0
0.584975142903409,0.6745742302665755,0
1.0651474642458973,-0.2197169586670238,0
0.5788404170816743,-1.0063189679948967,0
-0.8430190674466945,-0.4140848584378498,0
-0.634830762103745,0.6238925341829231,0
0.857908483442221,-0.15748910171220734,0
-0.5444497631775866,0.338350885424941,0
-0.34265625403625366,-1.0460682772222896,0
0.7800610404388996,-0.5506238007713057,0
-0.6248544869372787,-0.4920572633285988,0
-0.7630410687706185,0.18938956873365254,0
-0.12695659529195155,0.928648665759188,0
0.9146486638037309,-0.8970046415804349,0
0.7961603076669912,-0.7243844654389291,0
-0.02518533047418342,-0.8045015451963899,0
0.8007106660582161,0.7892100571714664,0
-0.1666818972058046,-1.051526763644197,0
1.0200048838431952,-0.36724000166899307,0
-0.6958883764724807,-0.6465966415035584,0
0.8451865279695474,0.4795102354304951,0
1.1305206689696856,-0.2175592197878043,0
-0.5045604227790252,-0.5409316201979953,0
-1.1138046554331777,-0.11112287857265257,0
0.6594864365282056,0.945690976235051,0
-0.7637056681538784,0.5377909924172524,0
-0.743536855763326,0.800167153411143,0
-1.0319468902320383,-0.20880573749639803,0
0.5308959600494663,1.0550572884293747,0
-0.7808290800019136,0.23806535393560185,0
-0.03163812211923107,0.9392831759879811,0
0.35283692763864355,0.4361257854296449,1
-0.6195698799418172,-1.0566871031086305,0
1.1013620220803502,-0.0807244956123349,0
0.821578168472053,0.04781454167746077,0
-0.7534242449312482,-0.7556273103949112,0
-0.892439101817312,0.23837681736933097,0
0.22544496347150003,0.9561778194690931,0
0.7247281507596424,-0.6779861157121125,0
-0.6700214828270271,-0.8485636028433534,0
-0.06547529700380805,-0.9585500388361721,0
-0.8181409913418599,0.32230464597387976,0
0.5312684536412297,0.9665415197131851,0
0.1459738284876542,0.8749933928770908,0
1.0621108469599345,-0.14441565225380437,0
-0.4876249437106597,0.7758309218902268,0
-0.5946448561410356,0.5201016448926619,0
0.7692253587751707,0.789881263779976,0
-0.15258370577342328,0.7274763848314566,0
-0.5425315161539032,0.46802371199347265,0
-0.7889698866788363,-0.18053070321034612,0
0.9193040762220828,-0.012012885138118427,0
-0.8636226463391282,0.6793429747944165,0
0.8863924343976219,0.3341980555488476,0
-0.09392736666386697,-1.1055578216134296,0
0.6936778631407771,-0.7477448173209907,0
-0.8740646878953057,0.07660776042020667,0
0.08268419161085094,0.6211554478583546,1
0.42131750476281754,0.6451414268603688,0
-1.003456886528071,0.40797209938638956,0
1.054254717516023,0.49881569462778863,0
-0.6042467030410018,-0.8597236235543082,0
0.7081040073373773,0.717860308183524,0
-0.8107288415989065,0.2562238216141027,0
-0.7661899730003854,0.7343450808254414,0
0.6985202073592558,1.0733534595318233,0
0.6275712467882976,0.6764816884276105,0
0.3668675414244563,-0.984751466097549,0
0.49493034749447173,-0.5079091646488608,0
-0.10274621391576266,-1.1520446154055948,0
-0.6389924562970555,0.6647463676061753,0
0.7120807613584003,0.40399589603639485,0
0.5576478968334629,0.8984048323338899,0
-0.08467494562311692,-1.041617446739438,0
0.506215429220108,0.7266869973989756,0
-0.820976261514022,-0.8520560662856188,0
0.8381827251781817,-0.3563871109867482,0
-0.31420216768787107,0.9692357377413877,0
-0.8955725510974529,-0.44498394610634584,0
-1.3661213398660845,0.28770524061521385,0
-0.9250029488238184,-0.13433649226653127,0
0.3488693042218466,-0.9393886490079036,0
0.9610274653107347,-0.2844850280410299,0
-0.512014776282495,-0.08662517296424477,1
0.2600177608503954,-1.06135066538306,0
-0.37942014703816246,1.1583216231418239,0
1.0108872210038677,-0.2252772590204317,0
-1.0009685173824738,-0.341873427013149,0
-0.5549257834675757,0.1998665321671062,1
0.20883257168769798,1.0158142858945276,0
-0.15268797033855228,-0.96768389967874,0
-0.9078298234848164,-0.5850949114308541,0
0.6351824300150516,0.5526326977409882,0
-0.573929792946043,-0.7816748556710813,0
-0.2873405276424934,1.1561886307206046,0
-0.5903324330619333,0.3272121637172362,1
0.9554868046406476,-0.052181415176867724,0
0.11162486267743199,-0.9642070633708228,0
0.2534461398118842,-0.9336254604911035,0
-1.06623682641518,-0.07568005114288767,0
0.8788730506957222,-0.6125870562553154,0
0.604416351746645,-0.7139476900547855,0
-0.4226839360421146,-0.6821690690323924,0
0.7398287330036196,-0.5947552743382668,0
-0.009466016520463416,-1.018647548412542,0
-0.816832486946653,0.5238653994583635,0
0.9544319683476072,0.3657362342610916,0
-0.5080511169121977,-1.106435512356454,0
0.6514484385893105,0.215956252713081,0
0.8673243578060021,0.277622775526677,0
1.0825625708155262,-0.27848587200476504,0
1.0201606512876848,-0.1596998918659647,0
0.6374647353097933,0.6407219854103455,0
0.7125239255942761,-0.39549908767373276,0
-0.3606812704809371,1.0311942989053806,0
0.9911042566224975,0.1576613887690852,0
0.3300089628792031,-1.1140755399856739,0
1.0780663846055474,-0.30765038369520503,0
1.0854836490523299,0.389194952015351,0
-0.03958661244668125,0.9049286467354635,0
0.5556905097008072,0.9169657154077527,0
0.25551268326055787,0.8664027830655108,0
-0.7143484705869336,-0.6457643841783949,0
-0.7968776633869318,0.404437870828337,0
-0.37814625679281927,-0.7320640504820833,0
-0.28388297879547136,0.872366381152817,0
0.3635152355449647,1.0331173809781729,0
-0.1993463050871025,1.1108812939778512,0
0.43022482471970425,1.0121695674164932,0
0.952212580617729,0.437571845292525,0
0.9002858855734137,0.7465170947595128,0
0.9021565590441687,0.532315246690483,0
0.9477894400555432,0.029898714384884728,0
-0.8809574839773632,-0.12595238035091083,0
-0.1655688251223285,0.878228281435055,0
-0.8864434714744529,-0.378170234701927,0
0.7212770502083216,1.0031795327793596,0
-0.42234501633186305,-0.0009606022248439539,1
-0.9555974087808828,-0.24233382875979365,0
-0.5197068610127034,0.8967151456480115,0
-0.8529366136079688,0.5006127709744754,0
-0.6994270703229535,-0.49345343883985066,0
-0.9121891239705285,-0.3633165627422546,0
-0.7016167319915025,-0.6284422650053333,0
-1.4163879820910994,-0.28415307265797274,0
-0.014235622636745354,-0.9515284245543316,0
0.21971565530676937,0.7500515828394186,0
-0.5563043235517341,-0.8899858832545201,0
-0.46790581914720386,0.23542129250922067,0
-0.8110194242863121,0.664980478851316,0
0.06870021898228508,-0.5180138218092661,1
0.003680183347035626,-1.201367855937224,0
0.8825210510603118,-0.3138415749784663,0
-0.4945470815331303,0.9634237218260763,0
0.011606918080873545,-0.9228184929838527,0
0.4839064728335163,0.7751837538151846,0
0.9293295447188618,0.3574216531562035,0
0.9473838312807299,0.31707809137948895,0
-0.6887356865933357,0.8835844051812474,0
0.4390167911066168,-0.7423561873538408,0
-0.7539215481254344,0.8204495317691154,0
-0.07379302203528876,-0.8306051154363245,0
0.36496265815899565,1.1366096868222506,0
0.536292848627527,0.7609354419744402,0
-0.6517084523943004,-0.7960989974902167,0
-0.8430868160751752,-0.3630324878406235,0
0.11771522066897061,0.9086494352141413,0
-0.6949159631366957,0.636628808502609,0
-0.16380348295146574,0.7799414329106014,0
-0.46714925298143567,0.33696556930579225,1
-0.824135199298469,-0.8470046312537006,0
1.154135271044707,0.04791320924416301,0
0.9523059393347483,0.5350173929310066,0
0.9623628112268581,0.15795355589183876,0
0.683343569735636,-0.5860582238190707,0
-0.7527105537798724,0.6025250899668452,0
-0.1710923051155923,-1.1319226672934417,0
-1.0580785686151082,-0.02882563236348406,0
-1.2994082192209169,-0.11469605377315398,0
0.2412120665282213,0.8142085487719453,0
0.08670809905132675,-0.455265131602998,1
-0.11467227173847754,0.9063495203061754,0
-0.9379085980035728,0.6142368595629145,0
-0.25153499747351143,1.04249732526658,0
-0.28446474631808905,-0.9331623034316447,0
1.1130584950885916,-0.1086275068061481,0
-0.3507873470975685,1.06853254411195,0
0.30452570599961387,-1.0191356780514158,0
-1.006800255143164,0.25426245548203874,0
-0.7203418968489063,0.7498764261174113,0
-0.9836108542869547,-0.16136295736808803,0
0.7254281769841069,-0.36257213558273316,0
0.38058770162496725,0.8437467594480972,0
-0.9039883827296409,-0.06694641390676409,0
-0.0953356367464204,-0.8897044493224537,0
0.7332264120604333,-0.030132524006130867,0
0.5381608326779294,0.6551074908571475,0
-0.3899403847567149,1.0357812044961145,0
-0.9582442759331822,-0.39176070872862634,0
-0.1510253084007068,1.0957917447619838,0
0.06407099291979212,-0.8482997068322384,0
0.05019259329300946,1.04516485463707,0
-0.8586256098975867,0.143872627942528,0
-0.556730201702187,-0.8108504950433222,0
-0.06992328085717711,-0.9819919243295037,0
-0.8796679507934136,-0.7184035358320352,0
0.4979679469105067,-0.7961786634677868,0
0.35462424794600617,-1.0332456234482648,0
0.09552684589179421,1.0058739519969633,0
-0.44234974752890166,0.9728575870431048,0
-0.7621924924259434,0.24144842657839197,0
0.1385970861842706,-0.9191126332955772,0
-0.7518007410565029,-0.22600544636537495,1
-0.1180662087956095,0.8612214414254233,0
0.9429745218794472,-0.4733875137762643,0
-0.5265327614040266,-1.0672759091022794,0
-0.31278177260379036,-0.9010079934677858,0
-0.7796957360124349,-0.6704703034165211,0
-0.9920009037165991,0.11932530398634614,0
-0.9692780168797265,-0.3200131638161135,0
-0.814677660919507,-0.19434034026524058,0
-0.4681445845239551,0.8560948505896033,0
-0.887463880224001,-0.4496295212901499,0
0.4075560127779211,1.0640390064546654,0
0.629322817049416,-0.8284402330889071,0
0.872107489575851,0.5957429119829222,0
0.7092334275061732,-0.6299377290290872,0
-0.6199588123569704,-1.0266608862953737,0
-0.17475728131707713,-0.9330584380858327,0
1.109748062512924,0.3106517661237368,0
-0.8261686962961179,-0.8608207057436992,0
0.8373166155948004,0.09087541294447529,0
-0.9025419130738637,-0.34221828015958344,0
-0.6694187000284241,0.6114523812530485,0
-0.12660567460578442,-0.9208279111928629,0
0.6485808240564364,-0.8958731020686241,0
0.7268951026877872,-0.42872682498290837,0
-0.9299961835229172,0.2830190914841946,0
0.7702178033096945,-0.3021808957552631,0
-0.6879658209776492,0.642436206249659,0
-0.12050162539936343,0.7884076559380382,1
0.7116932019972365,-0.0668277434826746,1
0.5417022794477487,1.0349644874335624,0
-1.1082312525029776,0.08156993095596096,0
-0.3730132712775044,-0.8237513392252758,0
0.8843802012745744,-0.7049684874474518,0
-0.2143882589578786,-0.8843858408900405,0
-0.14618881122326663,-0.7939063959804329,0
0.7666422007674127,-0.27981521650821856,0
-0.9324602537746335,-0.2861705581833145,0
-0.5983672422272475,0.5490091373955477,0
0.06950386380128035,-0.8773371522679332,0
-0.10317572593626645,-0.963698627694684,0
0.5007076923531555,0.6804512763790369,0
0.5009743951903679,-1.0494276000202019,0
-0.1930369238396493,-0.9562054005481052,0
-0.9558321996869142,0.12220463956246808,0
-0.6202495865016376,-0.439258736563699,1
0.10708909786507595,-0.7175240510377134,0
1.0470892036668902,0.3890310582107951,0
0.6849282977471616,0.7123326274662116,0
0.019779806201140174,-1.1724860377370512,0
0.6183535483683565,-0.8867853670553032,0
0.653312632089613,0.6119218423729138,0
-1.0554991883937779,0.6538881703661855,0
-0.23019070111746553,-0.6269009686020951,0
-0.6889852845427417,-0.7394880906207976,0
-0.46161138276988833,0.6040985900099307,0
-0.810809964789049,-0.39984662173738944,0
0.8860438249920535,0.7017460270450402,0
0.68776930979661,-0.41564181631687214,0
-0.3088993421118025,0.6218355969603502,0
-1.0071509525336988,0.12521130061289898,0
-0.6055691020773917,0.7237344969772357,0
0.662170496006168,-0.5102977786440599,0
0.2568887181623128,1.1456237614680826,0
0.812399732965341,-0.6487524344900443,0
-0.668800820095937,0.9159415295513057,0
-0.9654520047681352,-0.23134056517936852,0
-0.22155908788543083,1.0979558325054066,0
-0.7120983671638272,-0.6619717672595486,0
-0.01166734238114539,1.0074810893973174,0
-0.7722893980295428,0.789081237093805,0
0.5942218780241648,-0.6165638819691656,0
-0.5977601217661296,-0.6727286614436161,0
-0.24835988893268235,-1.0176265052628037,0
-0.885395482542061,-0.05515148034539813,0
-0.2969024897630975,-0.9109592723615504,0
-0.005770353507520615,-0.5597929438399578,1
0.5560391486783324,0.9599479407229184,0
-0.42713269066710485,0.9897456974966167,0
0.8868459754995235,-0.3898558422485766,0
-0.25190826583462733,-1.1608097893883051,0
0.5835300598777694,0.7849172566312788,0
-0.9369346211143126,0.5881904755935536,0
-0.4662492004088208,-1.0192994308661492,0
-1.1539070407490228,-0.3254839194271114,0
-0.38700477180113274,-0.6050787191541491,0
0.4414880322153698,0.8105460842606266,0
0.40789042862807706,-0.32217852393287105,1
0.7441622382772153,-0.6456669455878026,0
0.2091791361132223,1.1270159600224305,0
-1.2144798137240316,0.2689246578680982,0
0.6968538992484979,0.672757432984365,0
0.5119621521780605,0.9822705583789804,0
-0.6930720320589145,-0.7129966869248998,0
-0.4753497096473162,0.532402349889496,0
-0.4325984273130179,-0.8499669442765376,0
-0.7985586068482563,0.9119907985230842,0
-0.03024285310828688,-1.230661845652498,0
-1.0573246976075097,-0.08181980366231284,0
0.9561213379125973,0.4891131629814736,0
0.9104989372927035,0.25643392762941963,0
-0.6622846937030216,-0.991002388186628,0
-0.6038045880240892,0.9282882566857379,0
0.5930353263573165,-0.6576630312103016,0
-0.5792651934914719,-0.5342641595174767,0
0.34002542663698626,0.9837980554454246,0
0.7089116960595488,0.5480772534438432,0
-0.2864070181112389,0.9292883077239683,0
-1.066870409234559,-0.6086802171980317,0
0.31628196682466964,-0.9613472533661483,0
0.8142691150535835,0.010753334384741381,0
-0.7383982236982585,0.5819763908271757,0
-0.19626161147218485,1.2160966467590313,0
-0.45869913477476787,0.8335016295868826,0
-0.3609599630756148,-0.3918641175875244,1
0.5881579318759688,-0.003749943805360423,1
-1.118845767183536,-0.03715736221080043,0
0.5787068542264446,0.8970791025166618,0
-0.8489862225774533,-0.6173399344046431,0
0.9241929217746165,0.08879658006999902,0
0.3745036088581958,1.1355779493638631,0
-0.5147616156289391,-0.9451125967529579,0
-0.934904005234487,0.035387873108816595,0
0.28952195667771363,0.9542625721847918,0
-0.8501923139242018,-0.396427353096154,0
-0.9044457762041809,-0.38865727967117913,0
0.8894285295637617,0.46346341288885734,0
1.0633888603982906,-0.07677233263009124,0
0.8276970355533855,0.7279257102706727,0
0.21399371580508844,0.7060607721614819,0
-1.0687312610254633,-0.7095591553269566,0
0.5208094584571715,-0.9910927063040972,0
0.9324010264039073,0.25181090915643056,0
0.18674072105808576,-0.5260729693448735,1
1.0505939321565803,-0.12185921215990059,0
-0.9435249910597922,-0.06150978653498293,0
0.7864410033098966,0.3909183355458449,0
0.3374365262713751,0.3873866665373797,1
0.5915249378253749,-0.7120395165054918,0
0.30690257960098616,1.0558131051581843,0
1.0037010231919323,0.17918377253685475,0
-0.45430277499805205,-0.1859153116322357,1
0.8946543683670213,-0.41104688651932436,0
0.739557055504841,0.08058825355810681,0
-0.7451415915035362,0.4385679976107667,0
-0.9084328278227769,0.3919414941741671,0
-0.5479776137250528,0.21567665196984517,1
0.2850879573619149,0.7044809296908245,0
0.8203778809654132,-0.7758828009437618,0
-1.1182366056411683,0.4558240609598423,0
-0.8457352759445834,0.42407185554273696,0
-0.784707402879459,0.36399612842959855,0
-0.5947113123129848,-0.708292003755975,0
0.1184336205095102,0.8018918093695944,0
-0.5557461596073556,0.7590634528864498,0
-0.29385754699165995,0.6278327209816581,0
-0.9200557401713377,0.6838490213532785,0
0.40778062303546,-0.8560740251472345,0
0.8836056437210112,-0.445014892814132,0
0.9476728121756057,0.01492992664718265,0
1.0984085762800322,0.03153520108704732,0
-0.8464615445990836,-0.15897900094818324,0
0.85745477557616,-0.8030861210799458,0
-1.020803461081504,-0.29308285358401703,0
-0.6487648896140672,0.6255619185133385,0
0.16087993958181712,-0.7226649546015113,0
0.9322863062341142,0.7312956883146982,0
0.9298204665522615,-0.21693894224692672,0
0.8227896208408871,-0.11516370662352216,0
0.40736602970073055,-0.672817877822961,0
-0.3119572362438295,1.1607246547640104,0
-1.0318084861528523,-0.163219501908706,0
0.13599949742187628,-0.972359105995627,0
-0.6874527306054813,0.5145975523089014,0
0.492262265112809,-0.92777687920262,0
-0.4434285628386677,0.8679312746464017,0
0.03537887113198855,-0.8983214590865414,0
0.5166164991290685,0.6885449460528862,0
0.17130108809689154,-0.8484312117603885,0
0.15770776181491422,-1.0349246841839164,0
-0.6410431965199356,-0.5817367911275239,0
0.5625057883605153,-0.684526769982837,0
0.8725293783537603,-0.2600454414901937,0
-0.7218673308001415,-0.5909978854242677,0
0.32490640989884445,-1.0776383764645248,0
1.0291199579403436,-0.6144066712720553,0
-0.6476272618806969,0.49198163850616633,0
0.09308143864339265,-1.1277059709057977,0
0.7347856368124251,-0.6385642466466245,0
-0.7127684802588691,0.451515645896855,0
-0.27171309519747994,0.9899278027840857,0
1.0732140707114883,-0.2659063389572213,0
-0.11033496804564462,-1.5289232264227612,0
0.471808881762209,-0.6638848553123784,0
1.0117727651360406,0.03379150270907298,0
-1.1555193396490582,-0.1431123736525339,0
-0.6399717432932366,-0.7871099102319656,0
-0.43103397290135803,-1.0175243144368575,0
-1.0830639710431471,0.04294677700243696,0
-0.6132086009966593,-0.32743995203671084,0
0.564514888951731,-0.7307718198140745,0
0.4059788506254232,-1.0150476591222624,0
0.32852566320127824,-0.9074973101989426,0
1.0823783853189022,0.25913491249895393,0
-0.6087682335928168,-0.6528808376786268,0
-0.22553473505410934,0.5768147051292589,1
-0.146479822990489,0.8179433885018387,0
-0.09930792771921365,0.901229396525831,0
0.47568434737079635,-0.8073096484101665,0
0.06918078136189738,1.0586796234159637,0
-0.8140420019679221,0.5940449906881496,0
0.14826455013932263,0.9977155024815305,0
0.8025731941223901,0.7794377501577554,0
-0.5984394022831223,0.7773592264715324,0
1.353610186145682,-0.2824623707957624,0
-0.844266650270221,-0.8324862134326413,0
-0.5467214981532855,-0.7109968659598453,0
-0.5911922075595968,0.6536404904637705,0
0.8553163896931467,-0.5454579943612736,0
1.0459654645960639,0.48508207301287865,0
-0.8802999491599972,-0.16412975245805256,0
-0.21769206080680945,0.887565731712847,0
-0.31263551667110867,-0.8644611406379978,0
-1.2076821769211623,-0.1911734251201095,0
0.9178912928483804,0.005870689092959416,0
1.0396844715853366,-0.41514204039599967,0
-0.9020348746535766,-0.28278913623407853,0
0.3785315424578394,-0.8578898423080624,0
0.5040548477873996,0.5973990130219666,0
-0.32472762306412284,0.9893452359502317,0
1.217897672406214,-0.038316891229918916,0
0.06401712678563536,-0.8272275216925811,0
-0.5798581295597042,-0.4416473138239099,0
-1.117165076020688,0.42007494737060086,0
-0.6670750293448957,0.5924142168684625,0
0.8119841379534773,0.9224860865099753,0
-0.03061295040556128,-0.7824814489730998,0
-0.6154918048803268,0.8484638494961433,0
-0.45100814315128734,-0.5234301710589624,0
-0.970137138062463,0.4883141320672518,0
1.1698920024041475,-0.5050735123356453,0
-0.721453965837752,-0.7380097631259156,0
0.712894879743562,-0.1329456596697852,0
0.1195710719177594,-0.9379146516417222,0
1.1103282575282105,-0.18751266067195413,0
1.1636106382751894,0.5499470200205749,0
-0.7800576003945563,-0.7603947806995739,0
-1.0030685832561266,-0.020844634208577684,0
-0.18817761826570162,0.840028343318291,0
-0.7810054087142608,-0.405258447504531,0
-0.04055045208250563,-1.052620816734726,0
-0.7672661467216457,0.41475171920445636,0
0.9159374663186388,-0.47588936748016114,0
0.46398771582286175,0.8252812056723718,0
0.840238620232114,0.5930082160443098,0
-0.6139960606017049,0.5981176665109651,0
-0.766524049752491,-0.41198212003968415,0
0.601344047235995,-1.0519579215322452,0
0.7323663995813035,-0.560340927319919,0
-0.861209839759247,-0.5242582821850353,0
-0.5134082790913188,-0.9422616034901498,0
-0.8935954521447431,-0.38943191128113896,0
0.7037777055580267,-0.8858667174384246,0
-0.03507074248154041,-0.9181875378504157,0
1.0443196699004098,-0.08629653089585332,0
0.5675751010175457,0.963496352614002,0
-0.631082421939646,0.6766975100996897,0
-0.7587947054607419,0.5454810832127761,0
0.6205307581825521,-0.7508596354301943,0
-0.3023693914369839,-0.23134885325016843,1
1.0307596168665263,-0.3332049563838594,0
0.48260484285597954,-0.8413474908571669,0
-0.8270488102255414,0.1931644836968933,0
0.3730875569204042,0.6501307690805531,0
0.03752792497846266,0.8809264098812865,0
-0.39855664118958883,-0.9645620885597119,0
1.105076638773771,0.1492517643204991,0
0.8124976109944284,0.9362915416956409,0
0.6593683156136408,0.8599292736836895,0
-0.08086000219974356,0.9599131470732221,0
-0.04312521659028365,1.0968992603564898,0
0.269155730000588,-1.144318584161104,0
-0.3069964897609073,0.9059249628679559,0
0.7628810653639131,0.9150354394598716,0
-0.8311502393458223,0.15598644535609496,0
0.2125566141070935,0.9051731447724847,0
0.42421884771955565,1.2383047165843455,0
1.0311663197345615,0.2130223459831953,0
0.010300292583654148,1.0503671815315232,0
0.32316580414030205,0.7555659025615039,0
0.06431995241359506,0.8828195319423076,0
-0.8769885253541609,0.35659697220887443,0
-0.823803611169539,-0.4267398542639625,0
-0.8495113784534165,-0.42851513413856435,0
0.3827603258720863,-1.1662301549543528,0
0.8314755404547511,-0.2096320518296073,0
-0.4137150688596227,1.1422319030977028,0
-0.6033771606535321,0.5447719276045009,0
0.9488903650837157,-0.7458202521475001,0
0.8747284418876401,-0.33486220414288037,0
1.3848540146691122,-0.3638993986755921,0
0.2322159226297314,-1.0320845588290513,0
-0.1494931935809074,1.1466179899150226,0
-0.40947043199354444,-1.0700908853158624,0
0.7168474383027443,0.4846967479581836,0
-0.04345731101111694,-1.21709614430934,0
-1.0451770642367175,0.05415167887938192,0
-1.0444554487686237,-0.03462123117735031,0
0.7477163444330267,-0.5551015521983725,0
0.022987463170406605,-0.5969214569106827,0
1.004165781121732,-0.3883552354219883,0
-0.17959790951626686,-0.9188409595696206,0
-1.1176734044141055,0.03160030588536807,0
0.2236268598787046,-0.9344184382445613,0
0.2503733372893179,-0.8450663262449342,0
0.743896351873547,-0.5959671816289455,0
-0.7191847171469459,0.5508188402743227,0
0.8901439172030078,-0.42130461303711075,0
0.8636210593326784,0.3439534560463106,1
-0.9167472447622218,-0.21786671594215745,0
0.7191533451614034,-0.10636875334926865,0
0.6974843905577954,0.9448523474507766,0
-0.6951641688129624,0.5931613412059377,0
0.07589559804918419,-0.7830381935397005,0
-0.09617434953272302,0.9953851745797607,0
0.34007491547291463,-0.24444308342165386,1
0.24883881647544964,-0.9868062454932945,0
1.1919347655783243,0.18390932965405277,0
-0.5994389172593654,0.9250038488068733,0
0.3321032468706453,1.1974187694025575,0
0.6992359551283698,0.48090669089760124,0
0.9362108168341404,0.05822030615867544,0
0.5654958770715831,0.7768233610845874,0
-0.5026880012031447,1.1170295309752012,0
0.3344774795066858,-0.6110294304279168,0
0.6992699746894105,-0.57444513834053,0
0.8445215110405853,-0.671369768856981,0
1.0435323680777215,0.18173055143159597,0
0.5063104134193896,0.5573143635928935,0
0.8323304981182744,-0.7165580432404366,0
0.9315319418834649,-0.50300103911829,0
-1.1552734689672144,0.09218729370246181,0
-0.7174279614590412,1.1013184865676384,0
0.09134396508363003,0.9684715388018118,0
0.4585668678552595,1.100566352922781,0
-0.5811036754285037,-0.9053918591486971,0
0.7733791088388707,-0.5597753800059362,0
-0.31730846732572293,1.0234497958399773,0
-0.4866386744608494,-0.9186574664761491,0
-0.015605357922241998,1.077736467406825,0
1.1281019081736723,0.415753262874107,0
0.6676806851664501,-0.7082494602694636,0
-0.019375619838564617,0.92318572651093,0
-0.1810306761045753,1.0729499895990517,0
0.803079971916524,-0.5853068901447896,0
-0.9455159381529183,0.329836902112324,0
-0.23476708251067913,-1.1411763109492186,0
0.1172402892003144,0.9649129674717299,0
-0.28290597557094815,-1.0092526379176137,0
-0.022232329042808474,-0.940314430197973,0
-1.0034247441074144,0.05047396204972854,0
1.1516838637962172,0.7284689202763521,0
0.948819145274034,0.9503536552631189,0
-1.0459892460195814,-0.11910139258618666,0
-0.6598956845046219,-0.7732186269490445,0
0.31731703240112996,0.9855583647338838,0
0.9721355907424917,-0.12666006292397158,0
0.8832831902511129,0.23991007518188648,0
-0.9553447666673207,0.5438674118498303,0
0.6607983268890805,0.7470435932863029,0
0.8536019754110498,0.32175498889804394,0
1.0664896462752511,0.23771615332881968,0
-1.1036375223194719,-0.38608250405819433,0
0.3759346071007585,0.378518615007199,1
-1.2005303796194746,-0.04288095776375345,0
0.12106791753632065,0.9787219483329849,0
1.0514782286644215,-0.001438340478203709,0
0.9693954430701953,-0.06546552273047097,0
-1.0526800683533681,-0.6224110741529738,0
-1.1204158708354945,0.29224270088536136,0
0.634232337700111,1.116707213103876,0
-0.24368661650390377,1.0540245843974412,0
-0.7774906927727181,0.8136826250289808,0
-0.49592718508152406,0.8773265999581304,0
1.183452418635295,0.3239601052580783,0
0.31968892830807716,-0.766666062201435,0
-1.1211713681457345,0.07187257518385788,0
1.0546426538023606,0.1179135592559322,0
-0.17388119782097722,0.5077376548492979,1
0.942918674373561,0.5633600330651871,0
0.05608537047797037,-0.8042328949927624,0
-1.142542595044791,-0.16342309240532604,0
0.5024788040657668,1.1140676104192448,0
0.8423610516129877,0.4705822632433182,0
0.33285894782272557,0.9595450973571039,0
-0.5186853016155697,0.5594068720234344,0
-0.9499438184318925,0.3525315349117047,0
-0.8218298304893958,-0.4238344466738262,0
-1.1218917638027954,0.034595542035490756,0
1.0534302491008927,0.3420654976317009,0
-0.25327702248962486,0.9988596268049558,0
0.6816596912356733,-0.3675459680129969,0
-1.0654405877457769,-0.33530245685827614,0
-0.322872199901486,0.8058242860472824,0
0.014398527823902232,-1.249923890567982,0
1.1524710398539513,-0.23953174420845902,0
-0.3117169569218447,0.9098506152050303,0
0.8296909744588542,-0.8103640053990477,0
1.0671767585996177,0.046122213504912066,0
0.884799599481615,-0.20415780124492677,0
0.7798265549595165,0.4683363739619377,0
0.7247965946115197,0.45453949109381564,0
0.9177447083866139,-0.41890230507195075,0
-0.36671439214334856,1.0084331533225857,0
0.9423453939762596,-0.46014023740222654,0
-1.0165762907951554,0.20273447523704707,0
0.9466735289712679,-0.3213725609333564,0
0.4627502245174645,-0.6527394566756346,0
-0.51821082814857,0.12234829623042026,1
-0.9779939904791045,0.636526227920313,0
-0.06421380731773682,-0.8297275967165331,0
-0.48168812263073596,0.6689836672010206,0
-0.8798523031023229,-0.7712673988742484,0
-0.32147009370375124,-0.8155508905810122,0
-0.40795810853604875,0.9519957874127302,0
1.0053243262748186,-0.20976942189610906,0
0.7824069100472066,0.45725675337659677,0
0.7631231862145365,0.6763726878513001,0
-0.12661431120373237,0.6857515807855097,1
1.1503906262589978,-0.5243104690754615,0
0.7463467081922374,-0.693936250655862,0
0.09535411025540125,-0.7731428167689015,0
-0.38231238676981977,-0.7055075037364329,0
-0.21374180147311272,-1.0897338193791022,0
-0.8792663511230538,-0.5704253573307418,0
0.6748919039405558,0.8857402487076064,0
0.22356226739231233,1.1004943776820844,0
-1.1030502929449038,-0.029631663713793527,0
-0.8583542119578158,-0.2107674986624457,0
0.5734665079789432,-0.6389997137553802,0
0.6121562732591731,0.4534382711351119,0
-0.060039320489809846,1.1318149291922626,0
0.6843400782058578,0.5844090111323508,0
0.7133867910130477,0.7058942338078751,0
-0.49781904423630596,-0.6369291303552559,0
0.17943151225980064,0.49139137221217444,1
0.6638480771043859,-0.8213836973875692,0
-0.7136882748242465,0.6755398854210214,0
0.665950888137963,0.7229448702038298,0
-0.28719508915717923,-0.9767442813797023,0
-0.7443693319984854,-0.759066638050551,0
0.8514069827336946,-0.25327007967910103,0
0.7093666137376802,0.4131978820461391,0
-0.9923665819701472,0.1857488136540416,0
-0.6676653651433375,-0.7035656007965807,0
1.0000118676547993,0.19007121282155442,0
-0.6218804727261562,0.7828531438215792,0
0.8292432316202447,0.4420532521189092,0
-0.936923440492735,0.5409662219434107,0
0.026528601886985137,-0.9915514720944442,0
-0.8744925516439143,0.3962860726903383,0
0.1353619303509661,0.8648406271509511,0
-0.38184381678901125,0.8287973057970832,0
0.11328576657232306,-0.8647895651792572,0
-0.6632686841306891,-0.5945411067564232,0
0.7167457919340384,-0.5613757844936054,0
-0.24756051834884957,-1.1442873133314972,0
-0.22871874199041145,-0.3820513361786515,1
0.9848269285780472,-0.3171056476391524,0
0.2860043947528136,-1.0324911703238244,0
1.0682786539459004,-0.404657625389653,0
-0.7166661825439451,0.6237856001551192,0
-0.7332405261548363,-0.8723895129098183,0
0.9615518578419304,-0.24982113930128558,0
0.7959814027010379,-0.43127753145853914,0
0.6378920890241395,-0.9585906557536022,0
0.2555022354911313,0.9117459392100075,0
-0.28643685559547344,1.0567734504726631,0
0.8439249377858806,0.5550850263126614,0
1.1025357020743396,-0.13453622135569354,0
-0.8429532592166727,-0.5062240629704527,0
0.9977898868519646,-0.12913275634404647,0
0.6284775666425249,0.9379115627207596,0
0.23294716042339397,1.0268495966266868,0
-1.2948580399125018,-0.03905337600768524,0
0.553269951521157,-1.111484908657225,0
-0.7075510045439282,-1.0267362097418395,0
-1.0576609723842847,-0.12151861800666877,0
0.7020121235532795,0.595074116123908,0
0.7382873473816237,-0.3445840143108896,0
0.3681390626671723,-0.8326717126237205,0
0.3563269937569248,0.9819711524257843,0
-0.8817528327682581,0.3193137355483858,0
-0.07264486130487133,-0.7695394283454932,0
0.9459278373215345,-0.33659502064185687,0
1.3572949144462028,0.21228324681440988,0
-1.1880888193122594,-0.14533601299253807,0
0.7341743945930724,0.6633184216433521,0
1.0313588478550992,-0.19080666499728835,0
0.43635935383677793,-0.7841934875596621,0
0.719764446341355,0.3887502087829422,0
0.6422247475153651,-0.8081675714258671,0
0.33527157091269244,0.9451095255952704,0
0.5814207627780132,0.5550768930146625,0
-1.0576135148935788,0.6249433140108734,0
0.6562557086625662,0.7595573289144294,0
0.9033509793547443,0.27875727945752055,0
-0.9432173155341187,0.34753018881711295,0
-0.35933687327129316,-0.8024375962314725,0
0.3543737152299995,1.0446935424917785,0
1.0559767026835685,0.3898649948747679,0
1.0480084004884727,-0.16654735485105443,0
0.5919524419758712,-0.7973367122972395,0
0.7572908596698037,0.6724172243167265,0
-0.7282893298423302,0.6240126572761137,0
0.5640062707202931,-0.5455457746710913,0
-0.6884012488971102,-0.9106604606273645,0
-0.720983386948956,-0.4639699557947489,0
0.7081781335630898,-0.8414110592997751,0
0.4735609235386969,0.820209346185734,0
0.5540561268523617,1.0025198981760624,0
-0.890894361402205,0.35183855128653796,0
0.7005989694658618,-0.43980211045526196,0
-0.2851804123124296,-0.883791723641473,0
-0.5616499316132708,-0.8116970552966812,0
-1.0444799769087656,-0.28202367542574236,0
-1.1477293746259294,-0.5754462147128632,0
-0.99598172866837,0.0342164851982352,0
1.0436206559268282,-0.04592148517225619,0
0.3204559424755668,0.24967152589527195,1
1.0651032098300277,-0.5345191710346971,0
0.5892594254766836,0.8741311486068498,0
0.7227232430359736,0.5135251656490745,0
0.7332572294828402,0.708546881989017,0
-0.5991575818702014,-0.7805360451280929,0
1.0982896681485639,0.3250936942146926,0
0.8284940490607521,0.5532552122987998,0
0.9301266721097716,0.39217314640513323,0
-0.46378842894282485,-0.7416211290460208,0
-1.1041943649986083,-0.6337957188717713,0
-0.9833506018328919,0.39007216214602464,0
0.9094631708634219,-0.04245595329334456,0
0.3430329419257334,0.7497886648733949,0
0.944313297154586,0.49653598960057044,0
-0.8920235797060909,-0.36148471803015325,0
1.0109047214213864,0.8538718007266217,0
0.8619635404291813,0.31664457423990844,0
-0.4620405246025933,1.0821334606841346,0
0.8356068432355681,0.4454264681314566,0
-0.3309033378385664,0.7846463834462913,0
-0.803971890584227,-0.5361609260050348,0
0.5872305619026816,0.7121421076512089,0
-0.3930979285675852,0.9643450395082218,0
-0.42486777651692686,-0.7568221243136718,0
1.0155913892369963,0.20391495094466713,0
-0.647984804748684,-1.0012455303472754,0
0.3560757476298249,0.822362542025614,0
0.7667963017746424,-0.49569455134268736,0
0.47699753404590906,-0.8802314689535786,0
-0.43769083428811345,-0.6628760118279365,0
-0.6722799609103075,-0.8870288410066193,0
1.1230901049724917,0.2426167635503248,0
-0.8619639533991327,0.6196491879950887,0
-0.022658865683341647,1.1503496266044737,0
-0.4763183441340616,-0.9177491532977095,0
0.5193726351605171,-0.8719088186521878,0
0.8837571378257698,0.696635357384385,0
0.915024080574369,-0.2724548012585127,0
-0.6121915170813159,0.7633705987758901,0
0.781132331064352,0.30913844216401076,0
0.736473639879081,-0.9783365124717704,0
-0.9263032735565383,-0.035792282761235195,0
-1.0775434176871597,0.12016108987080742,0
-0.5657504446392502,0.7921568211710206,0
-0.7967724453732024,0.07220936029660241,0
1.0613610422247783,0.5289917301844312,0
-0.8555547639963479,-0.29527485409476256,0
-0.5512103905388359,0.7934907417865669,0
-0.20049316849190382,-1.1313724832656602,0
-0.5605337488057374,0.7818337339485952,0
1.0323860078702873,-0.4180788481258456,0
-0.6839794977285485,0.5691236273747879,0
0.3178719681066692,-0.8340671718405095,0
0.3115093522192483,-0.9825871655493907,0
0.7851425648764941,0.04554563791130972,1
-0.46046634783624485,0.552213523872983,0
-0.9323969291889005,0.0048947078002651995,0
-0.564634499700908,-0.3466209134032643,0
-0.8550826340081061,-0.7626601763204242,0
-0.007873561829433703,-1.0170514045941097,0
-0.46637577700901434,0.97219979935981,0
-0.8507785571289663,-0.0963795179125591,0
-0.4872702029722087,-0.7705864487185234,0
-0.6999019429692594,0.8257717193146358,0
1.1064393843575333,-0.027206655976522668,0
0.908053418451938,-0.5021137671353618,0
0.1434990399146115,1.004196757502811,0
-0.2607883138316717,0.28200353087017216,1
-0.17724374709476293,-0.9807176016067407,0
1.008907861028058,0.47665566663596826,0
-0.32585668819966895,0.7528761058221558,0
-1.1546031306907567,-0.0796861495018246,0
0.8419411515798104,-0.45667535234398143,0
-0.9170426205713752,0.3112530290238819,0
-0.6954082091142424,0.26042321261868806,0
-0.6743629662723742,0.1945022642534223,0
1.0228766136683405,0.22077954057910965,0
-1.0183735132198624,-0.5024344752663327,0
-0.15561271081973066,-0.8333608060532818,0
0.8282127023560549,0.21872167373861437,0
-0.38378964031178614,0.8387730900619865,0
1.0639380087502357,-0.3501372088070065,0
-0.9732744594063001,-0.4188291288955537,0
-0.7120118817779733,0.0757471262760098,1
0.03429780009189434,-1.099836528932657,0
-0.7330353410777954,0.9118765678969777,0
-0.2690979544914737,0.9859479171780173,0
-0.9097385711479095,0.09555246082335425,0
0.34642548383196975,1.1913078748161186,0
0.8503222580233754,0.20272648725887976,0
-0.5439745458162193,-0.3609566924262853,0
-0.47863487866495436,-0.03128305021650775,1
0.7357691837168499,-0.668496561145404,0
0.320757580905553,1.0165700088128022,0
-0.10156253763171957,1.0967869045452845,0
-0.7793862450508958,-0.19277380215188317,0
0.5558032545574383,0.45301892780714637,1
-1.110607225098668,0.0030439668747438142,0
-0.9832825037095966,0.05739153662036607,0
0.11243759230523631,0.8785885857455108,0
-0.3496582371407983,0.9996199938107104,0
0.4211330844819495,-0.9058816323060894,0
-0.5889755047729941,0.8515056431706901,0
1.1090203089402162,-0.319944145418361,0
-0.1969927307107359,-0.8639631094150279,0
0.898412164703162,-0.06439100019435362,0
0.7020985887048925,-0.8138253601714092,0
0.8388178038766184,-0.4413483171581504,0
-0.9725562541497851,-0.24440748378710236,0
0.963454826294424,0.1215668769645752,0
-0.8342625039393247,0.26991039951892,0
0.7959599677783683,-0.5769448342097886,0
0.6811216917814695,0.07071485026573382,0
0.21861538243403866,0.818984190835803,0
0.6362831678981732,-0.20124124327967846,1
0.4090903370405265,0.7090987061064323,0
-0.9846553202841102,0.23789460997144277,0
0.4799562760046929,-0.9957406132653,0
0.7895404613617729,-0.8374900570465397,0
-0.21545724235881455,0.9931177129704096,0
0.5119767373170907,0.7571022274513186,0
0.22004693892067606,0.9161733745762745,0
0.31049260174544857,1.1074200427790886,0
0.19186449078270362,1.049002575770835,0
-0.9206463714354477,0.6939340537953617,0
0.19225668251625924,1.25287640521599,0
-0.24174650401695782,-0.9644632388558513,0
-0.5129027825422405,0.9979744199403714,0
-0.8411637084775738,-0.6479196138420023,0
-0.9803461126232222,-0.1283208350683511,0
0.6155904153771102,-0.6885843884992462,0
0.5015721365770182,-0.8171289170563297,0
0.46249310444427594,-1.1360603174853434,0
0.45015822889579504,-0.9932159759048705,0
-0.6674409917875949,0.31637506670687154,0
1.0303937129509413,-0.6107909391934276,0
0.5361631015221809,-1.0957697839396094,0
0.20841313380629745,-1.1222388072874547,0
-1.0165814249576504,-0.05621970278723032,0
0.7138974205617812,0.03154956969372075,0
-0.9086794815426026,-0.349255777466352,0
0.4436126277694206,-0.5695028837010281,0
0.48530143712133145,-0.6812588576196826,0
0.08030928774171125,-1.204147079467695,0
-1.1281197942098098,-0.19865921587783067,0
0.8758250184562818,-0.5317400668978636,0
0.4925065793558209,-0.9130238624851774,0
-0.559481612661597,-0.7568911380969233,0
-0.5727234428014073,-0.5995998020754197,0
-1.2461361732737053,-0.40272264501414784,0
0.38987380221836576,0.9002199791546652,0
-0.9589583667233412,-0.24418257466571924,0
-0.6737121181644343,-1.024576596552566,0
-0.15798773129989763,0.8867808582173213,0
-0.2512768252410415,1.2178724360944724,0
-0.33114837162347355,-1.0523474443416485,0
-0.5344866239328294,-0.7670734283898525,0
-0.2016188157010711,-0.8588931080886607,0
-0.8756929206289168,0.16809931613230433,0
-0.12413344485072356,-0.9590942957295028,0
-0.6961530255661076,-0.7412494160724191,0
0.8410427870106693,0.12442338537132389,0
-0.9948274314613552,0.06974602249428359,0
-0.4644149202769055,0.7608524878968024,0
-0.7111230628008904,0.4256650992483718,0
-0.9797373142596921,0.20152950713536777,0
-1.077370731596275,-0.10629768548463464,0
-0.00834667052856515,-0.28206158012743676,1
0.703153511325634,0.5048549464407248,0
-0.23390917872830636,-1.011336953429558,0
0.0970166111287209,0.779120564465979,0
-0.8149999600534417,0.7723910551363906,0
-0.9258549070813907,0.3512434637821963,0
0.030851864799204425,0.8105151904308419,0
-0.6212661990956719,-0.6588563465790584,0
0.9648429581225096,0.4835055806214396,0
0.914384273048299,-0.5859914187205711,0
-0.9654579598985296,-0.6149174164133197,0
1.0883461448311522,0.3536112946856968,0
0.890438839802259,0.5300251980333051,0
-1.0109092784656262,0.10145868877385267,0
-0.7113253100761452,0.26133980357587205,0
0.8582189974261549,0.15258538699451754,0
-0.39684454719923135,-1.0683969718411308,0
-0.9198460960270413,-0.4014215661789081,0
-0.5430545781265103,-0.3586402797637096,0
0.17545278799774527,-1.040106538824166,0
0.04193959449426937,0.8545351997536225,0
-0.06159465998243582,0.8071567170512194,0
-0.5327675043092716,-0.5004576296964184,0
0.2486477817906175,1.0708048728606583,0
0.9127327653335312,0.3577687129015056,0
0.1935772542084656,0.4053430675499192,1
-0.829202968200647,0.26182840862447315,0
-0.04487540168270318,-0.7412810773221306,0
-0.7621391618059571,-0.694866778604154,0
0.9557989420915338,0.5270028677571812,0
0.9654434194524396,-0.22052936299539722,0
-0.8301382797182288,-0.3657387090012968,0
-0.1382614690542816,-0.9039643972412206,0
1.005738664450848,0.12678465343170414,0
-0.4333837480179996,0.816680927710808,0
-0.5253826057331051,-0.7556998016766947,0
0.16121870713047115,0.9765792937210733,0
0.7334082265913164,-0.7769379284975638,0
-0.8531242547100968,0.43243606108873245,0
0.5363981219725665,0.9244037811243345,0
0.03843076908448893,-0.9251746137048578,0
-0.8708626957151728,-0.2080592602128789,0
-0.8520586620056874,0.13974408421903234,0
-0.08396653725635443,0.8839386849447568,0
-0.006490827836820354,-0.7254779307817382,1
-0.31651536899283744,-0.785613034704403,0
-0.6501186141945462,0.6197855119054605,0
-0.4346442869559115,1.053061443331214,0
0.7259955605043833,0.8339804799298445,0
-0.02149151314312732,-0.9475788107520516,0
0.2568794822034589,0.9277957247850829,0
0.8466825779035899,0.7792449325988202,0
0.7052301571466079,0.8603128071344006,0
-0.2080308708724232,0.22975935319573,1
0.4360936924268914,-0.758145091982341,0
0.6281713224763676,-0.6302540523201178,0
0.8560238661324013,0.6829130041789593,0
0.5961028820060708,-1.03810877108784,0
-0.8027908058973787,-0.6349152569994194,0
-0.8877361106067827,0.6072627883072325,0
0.06885096118648702,-0.7750699083342518,0
-0.844757142030603,0.14061644939516266,0
-0.8044618915671189,-0.8501742480270043,0
-1.143724891781831,0.181370785155517,0
0.926159326551309,-0.4155622921281767,0
0.9967616154650683,-0.14053653232392693,0
-0.3949677982718274,-0.33233194039416525,1
0.9715112920003975,-0.723280723810947,0
-0.9438910786008274,-0.13796062105865375,0
-0.6478737485011254,0.44787842427231084,0
-0.010832249605729094,-1.0289670188395492,0
0.962384309767438,0.7847291352201446,0
0.20016607740862652,0.6085579993936807,0
-0.4093391884995959,0.5993847408841608,0
0.6186635294653446,-0.7055603841430019,0
-0.9690319123150982,-0.3698408362090101,0
0.6760683442255537,-0.3589723158300432,0
-0.7882807425477727,-0.05635593942526218,0
-0.5675881783200606,0.7316183352485429,0
-0.21214911360775926,-0.3938905511534123,1
-0.5476264106923925,0.8796823434296553,0
-0.14393456499799318,0.909818875094965,0
0.3615534103938366,-0.8465514327340649,0
-0.7255005872522612,-0.25791649949255124,0
-1.1742311690358798,-0.09747241283208913,0
-0.6327717827846506,-0.4991998459715262,0
0.8467721868065003,-0.7053220758134942,0
0.5887627565491839,-0.7683961570922248,0
1.0871160206479278,0.7696645335083353,0
-0.6950401245670713,0.8333779400033724,0
-0.2364739158888467,-0.77171551222077,0
-0.7681143655197618,0.7158709626388828,0
0.3594719451651941,-1.037215079943087,0
1.1430987537661614,-0.164493110262217,0
-0.10260816376224241,-1.0946785989848997,0
1.055221530130711,-0.45844481842361023,0
1.0550599989639333,0.2945250233027723,0
-1.1653696183759044,-0.09440553433862059,0
0.5234133486273598,-0.7545027585521275,0
0.6965243293263693,-0.4202662372999791,0
0.6999958090629019,-0.7612333973273411,0
0.9087291685373695,0.5453797625605736,0
-0.5854978016307435,0.5858647714644178,0
1.0465130366032604,0.4448933577667312,0
-0.530058403985571,1.013577755042557,0
0.24415357141315736,1.314957691613152,0
-0.5701573418495797,0.6860199667431478,0
-0.8630943915026771,-0.8264562379259197,0
-0.013897517501468948,0.9769589974396018,0
0.6355644480609408,0.2514795719387541,0
-0.2455205779067795,0.753417156905519,0
-0.800351004015027,-1.1029550931708063,0
-1.0885057180524418,0.3386313374965966,0
0.4555367508536357,1.068819446731186,0
-0.43520111689419927,-0.6708432154366173,0
0.39617285855943135,0.5110023178756808,0
0.3166865133920566,-0.4586349936842973,1
-0.8972636280218247,0.3373212647401408,0
0.6760590932946354,0.5835210997761463,0
-1.0398532273672776,0.21779142427132447,0
0.3034110364791218,-0.6486974525895874,0
0.16731069055873188,0.9478133262326808,0
-0.6795178449257873,-0.5807324142911358,0
-0.9884084527793481,0.6458342088404551,0
-1.039750460604601,0.5756615485397681,0
0.4866495515718614,0.9843527299235926,0
1.2979753809596284,0.08348757897840305,0
1.047705473310752,0.021597822070740458,0
-0.7885134371156828,-0.6105705014698913,0
0.9191882491761696,-0.7205700015674583,0
0.6166760863035223,0.7224463415569965,0
0.2526875763527182,1.0417659982400223,0
-1.1019584369903888,0.5120308017167017,0
0.303513788040921,1.0262835332028204,0
0.3828680614386045,1.2589704732099318,0
0.6459140502332962,0.9481116415125335,0
-0.8489393578792308,-0.3818835227652314,0
-0.4999743711289359,1.0389516954196485,0
-0.6356496334534177,0.9271823760824457,0
-0.3496660159185081,1.0733398148031001,0
-0.9450313493496841,0.25865627979231404,0
0.10705226901634775,0.9743766833852943,0
1.1913199284506237,-0.24352693763748148,0
-0.34716254108355626,0.8911089045078064,0
0.08686452486988361,-0.6452422269311987,1
-0.20222255350149032,0.33843204655050896,1
0.8637394124094493,-0.5880886895188048,0
-0.914768709525804,0.5004494750743076,0
0.5769488235180327,0.6698595964520614,0
0.9242742250861888,-0.6026557926851588,0
0.37777418878454627,0.09819441047828115,1
-1.1152198516884742,-0.5601874247066614,0
1.0385670401179627,-0.0688485437257122,0
0.6375246791665963,0.25828681896948447,0
0.7710760514501778,0.4956220813053167,0
-0.5459176677762464,0.7580687938679742,0
0.09470560622370411,0.7936301052925334,0
0.9083038921181859,0.7783342320450439,0
-1.128096520224625,-0.21281306028457833,0
1.2205900314070732,0.2827822454602611,0
0.08615737758190548,1.106866304829317,0
0.6994537213125412,0.5729131027650738,0
0.30478915005800844,-0.9655161175820199,0
-0.24108414444617834,1.2661424084873212,0
-0.6632712385547286,-0.9089905305680641,0
-0.9828711589595839,-0.026357794426672465,0
0.24505578498232186,-0.9996946584595915,0
-0.33012617297230884,0.6550365672704628,0
0.46215269691357413,-0.6633053865896732,0
0.6886154681588637,-0.6223067100000588,0
1.1692905851321218,0.08431156966850749,0
-0.04278256408437894,-0.41187835238826054,1
-0.8901304492228603,0.3041253081353079,0
0.06907252902068876,-0.7592489682293353,0
0.5099099258619046,0.9774016904574747,0
0.741894245672351,-0.4165733336807141,0
-1.0282729590630386,0.4342148888887864,0
1.0003195833420515,-0.3892898499794722,0
1.0103737712916312,0.06396768359423341,0
-1.1476801905225829,-0.38278729308821646,0
0.270644980159794,-0.8943542335668752,0
-0.135589667441012,1.0798434524423761,0
0.1991171450871844,0.3962786833506675,1
-0.2260842251555266,-1.0938458273744234,0
-0.0719795773478989,-0.5902454606009198,1
-0.7943465845073314,-0.5682647136617781,0
-0.5131846613078094,0.6547723375762564,0
-0.6495819501286679,0.7218937349420603,0
-0.15687091047603813,0.831809216446879,0
0.8631805541380686,-0.7807783408133238,0
-1.003479308658087,0.43394440257200967,0
-0.23484948388320248,0.9825515858848058,0
0.02490697979770934,1.0734074896848955,0
0.6627298579252713,0.6988009115077505,0
0.9726315122840378,0.7544034477155263,0
0.734184595622693,0.4569771498529068,0
-0.4809463789773093,0.902895067173715,0
0.9622886483614294,-0.7494609996223061,0
-1.0583351240984542,0.028341737981261144,0
-1.0686430532493711,0.5990854898695609,0
-0.8361220098822594,-0.4434811017936924,0
-0.05816820055207389,-1.113673953164667,0
-0.7740251044644508,-0.11853701029709654,0
0.5801603282215367,0.6133076584440462,0
0.5484906053841486,0.39939090227797985,1
-0.3604280135236423,-0.8103629041525979,0
-0.6771022968694244,0.6636714628453558,0
0.7154041642386146,0.47807730551051997,0
-0.05044042044930991,0.911979777074809,0
-0.8165226631842861,-0.3067951265068272,0
0.6385682643868954,-0.8992458103097967,0
-0.6828301310342274,-0.5159752019002415,0
0.4424465601390059,-0.8487242482500807,0
-0.8441226113671046,-0.20796952222448245,0
-0.8698103846793311,-0.7876778723047755,0
1.1327053026116822,-0.23853351768860445,0
0.6583387292197567,-0.5055871447213205,0
0.20103706110408726,-1.0764932128527305,0
-0.41713449015785226,1.0220047754956492,0
-0.0909707384073288,-1.0125196133825423,0
0.17307337066266248,-0.9937052039497631,0
-0.016018030328152418,-0.6340957004187164,1
-0.698448052809457,-0.9515842038925197,0
-0.8317467768733198,-0.8758070786993767,0
0.6174352720486953,-1.0230004219795228,0
0.4304753325717475,-0.21723755217692178,1
-1.1881025471480675,-0.1851911390118381,0
-1.0934090076978036,-0.22610516967085603,0
0.9076400657184835,-0.21484681496994928,0
0.5450850464703356,-1.0478024506875263,0
-0.31710053843934966,-1.090818524339366,0
1.3213144572351796,0.0965286969529655,0
-0.46085965171544135,0.710388091999212,0
0.5507432510651707,-0.6826760297246961,0
0.7743557165069148,-0.24079752999020076,0
1.1018579777442217,-0.15409848671654386,0
0.3434393324289964,-0.9356999400252,0
1.0252559279386817,0.2952977610137873,0
-0.7869971367452298,0.35962057361763067,0
0.8762081539867773,-0.5407884747577212,0
-0.9454209607978985,0.5875498673507734,0
-0.1230962692735017,0.7631630862425083,1
-0.6530682667988428,0.4481114727274462,0
-0.7981117011345088,-0.29394900057023576,0
0.2992050653072529,0.7737235279290885,0
0.21357757139240613,0.8316675107062257,0
0.8060350268052408,-0.18878647304452673,0
-0.0059117887552145865,-0.6474195593589264,0
-0.26799864702333837,0.9961945686312521,0
0.7098595217234505,-0.09974081926453521,0
-1.0104570971829072,0.03454980106348646,0
0.4229607458821122,0.24752359503440718,1
-0.7412456114514628,-0.6714501369706223,0
-0.6274232501293814,-0.59375140632612,0
0.22373432478722147,-0.8061979687293634,0
-0.1494181585027242,-1.0477920620868777,0
0.3793832059643359,-1.0995329721051124,0
-0.21520035356263228,1.0732721517554313,0
-0.6169880343290217,0.940468197103958,0
1.0736976218706313,0.7043429303198034,0
0.44238460360214854,0.7076729293023796,0
-1.0384436466388096,0.4533321424137118,0
1.1237106863851136,-0.11418161489775655,0
-0.7295888716266294,-0.384407112271872,0
0.8415260061276558,0.3516723636363154,0
0.23911631861807237,-0.7398038463972539,0
1.0794644521534769,-0.47382532997514487,0
0.6858611051019718,-0.5269112308197484,0
-0.45774167339815053,-0.6891988219908995,0
1.0019941381079818,-0.5701304937575463,0
-0.060363868257195676,-0.8994160760027281,0
0.16388083719697305,-0.8035387843028181,0
-0.6684269120449042,-0.7616465273916317,0
-0.31273906180508293,1.067025154146925,0
-1.057113962603716,0.19813950111537942,0
0.17777751049326826,1.0040611360400498,0
0.6716263563503182,0.8731246580174896,0
0.7970430793380311,-0.11185578410255315,0
-0.5450354258907869,-0.8526413422242765,0
0.7143779699394593,0.7912177804282581,0
0.4863547599411726,-1.05763191047629,0
1.2443752469167209,0.057093913731404156,0
-1.0134292124556943,-0.3441909539762088,0
-0.7358975802130241,-0.41416630151510087,0
0.6291415240661612,-0.7425103375969984,0
0.7524458372407882,0.17813350374790982,0
-0.8704276380161656,-0.5171384650431541,0
0.1599053404834464,0.8101530708593577,0
0.17942775571028713,-0.9210327353918708,0
-0.0029860818048103033,-1.0494285130035241,0
0.6394432534080409,0.6744159414243688,0
-0.43417936360389053,-0.8581721834520395,0
-0.04721047452392524,-1.0837869973513221,0
-0.9141170169161981,0.3917639763240962,0
1.000748639309036,-0.30591669460704324,0
-0.48144509852680945,0.8183489617960144,0
-0.47596773385385027,0.660908680975013,0
-0.8430750711107562,-0.28968577899806347,0
-0.909355484595413,0.11495107277589506,0
0.5309329572426689,-0.7081435119119379,0
0.5191748394071889,-0.4499996533444674,0
1.202561498358351,0.25498084979850233,0
-1.0418283167694964,-0.11818534618346896,0
-1.0865297130289178,0.6296090408200556,0
0.9995041787759693,-0.06836867160643839,0
-0.9679315449270649,-0.1839826876414028,0
0.05468008301309596,-0.851591721768377,0
-0.8966109527886088,-0.02641889424188318,0
0.8234663453237444,0.7088652384863725,0
0.15265934940524017,1.1480739056524691,0
0.05760016443904903,-1.089217074364613,0
-0.2797676105629579,1.2047679675044711,0
0.5447622783364553,-1.1142630274551857,0
0.485608946512865,-1.1814554491056062,0
0.2847894209139291,-1.0425701591449352,0
0.7685642330984177,0.5721783268451078,0
-1.077444572983331,0.4554522717704731,0
-0.8938881019383129,-0.6092308419212402,0
0.3745477491425931,0.8064368699553315,0
-0.49324190736288637,-0.7359215647041805,0
0.5072053855147727,0.2442999346657886,1
1.0141869006131499,0.19453807311255347,0
-0.599275659876937,1.1253583669072795,0
0.6252848321143591,0.2676289193440957,1
0.1708893980722177,1.0254222222289309,0
-0.7968938779346995,0.6176961001630344,0
-0.45108389054662074,1.0579762380707696,0
0.03554114027304013,-1.1317483206437824,0
-0.10183475486774579,-1.1523535074130282,0
0.7329683786311261,0.33603072343104046,0
-0.8038015559374446,0.4745999984728938,0
-0.004864892414181053,0.8959551964634889,0
-0.9808076378060503,-0.19785434824122963,0
-0.8687649565060347,0.864712616327651,0
0.7077254256460948,-0.5843966984138325,0
-0.7837199533586234,0.6122442762447327,0
0.7475128412704025,-0.7466437595649369,0
0.974578944874092,0.06377890487200262,0
0.45800946322077174,-0.7352662939566104,0
0.6347583260777423,-0.7441578448324251,0
-0.4695708763460986,1.1659924149914462,0
0.03798176765576439,-1.1202604496535515,0
-0.2526066836746055,0.9531481895466483,0
-0.22206917082103086,-0.4722076991702246,1
-0.7612843721263064,-0.5328775765896526,0
-1.1334963056865328,-0.18169181228501113,0
-0.8928276655866749,0.306693387452594,0
0.08287676565032204,-1.0561494119263461,0
0.5950212185900865,0.8232673762246783,0
0.9005611024293947,-0.08642108928991482,0
-1.037151855447464,0.11556186166551327,0
-0.17471276001786948,1.023672796379532,0
0.31558121864635225,-0.8640950054196402,0
0.4301629795018903,-0.9970180534640183,0
0.2648922623958174,0.8683934385207955,0
-0.20206108732008898,1.0784346463121468,0
-0.7758295318029149,-0.40022623405307245,0
-0.9060290846251298,0.6368940584443774,0
-0.4955102594319871,0.8126755059830876,0
-0.9546810077157261,-0.3197567435064139,0
-0.7339275166238718,0.7089877686239916,0
-0.048428793601168696,0.5387720461265803,1
-0.9776057085826529,0.22548838185301323,0
-0.5729790627708248,0.9327507594807416,0
0.7180757971752277,0.19338903870239338,0
0.09414365316829175,-1.130332010240866,0
-0.9131295402792405,0.5332269630649152,0
-0.9272954753210974,0.35744006679038287,0
0.6542299654528351,-1.1522504978999302,0
-0.6826070187615361,0.3336704201316969,0
0.6679782987130929,0.6758981528004365,0
0.32955465106803516,-1.032499167810621,0
0.05872505343874196,1.1831614836223907,0
0.5603209419320871,-0.970450704092416,0
-0.7963270743219917,0.9057390842529124,0
-0.5513789802199,-0.8215194919127145,0
-0.7895573883644847,-0.5855359447138482,0
0.9361659987130806,0.5077910650216785,0
-0.5498065506505337,1.044098107112125,0
-0.8951135389291989,0.39850183957180096,0
-1.2550165989344864,-0.10929512568456061,0
-0.8688183283419784,-0.6881826512017409,0
0.5330066644773036,0.2668925173551126,1
0.903794738198573,-0.39118537831494615,0
0.49393283121186526,0.405993826338123,0
-1.416691623278257,0.24704404423219156,0
0.06901029234888433,-0.8535509638647498,0
-0.1386433383691456,0.9636118651479219,0
0.07552678049818391,-1.0408460899210015,0
0.1051806310042285,0.8960827085358614,0
0.24892050717000938,0.9272011432455484,0
1.2745524621814797,0.33639093569906664,0
1.1902556231143762,0.38144580747417234,0
0.612717236812597,0.46913021673429844,0
-0.8058360970695586,-0.1440238605175156,0
-0.20326392414632305,-1.0070069389346468,0
0.31801052716486394,-0.8329018687826099,0
-0.7316323019209553,-0.6505195958142547,0
0.9163054383242725,-0.009476385282877389,0
0.005631201737135161,-0.8720892935679546,0
-0.04756808975111885,-1.125508620212859,0
-0.2990350299027471,-0.9520108165934542,0
-1.0689206122588302,0.24480564704757463,0
0.9466627038063831,-0.01081927703082955,0
0.6432416038654519,0.7307338697915972,0
0.010247005497678263,0.8722461842289212,0
-1.0147408626894863,0.2688746674015402,0
0.4486405344135349,0.8018057193982782,0
0.6304836984751576,0.7053450716302058,0
-0.6911207024104347,0.7928413393307934,0
0.8059873585805982,0.4021972695631318,0
-0.7445899638286422,-0.7831061067291584,0
0.7627208111391561,0.609788440968853,0
0.728600858878951,-0.9756846325490781,0
-0.044293620384947247,1.0946818177031297,0
1.0679103232398433,0.28476261113041906,0
0.15327012807878257,-0.8175456892916033,0
1.109356398099129,0.1544470441131432,0
0.9191522707271854,-0.9500362614584233,0
-0.514686573526109,-0.8473395903986549,0
-0.001089059394610646,-1.0166919886007073,0
1.1429201144317644,-0.1607909170946906,0
-0.7627769637778994,0.5752924330986536,0
-0.23204609987089786,-0.8670232098450391,0
0.8759514433651853,0.10319575245636686,0
0.4619985205309902,-0.6626697187134709,0
0.017863391267893824,-1.0824896091089948,0
0.7989761851892149,-0.34889783780053935,0
-0.943543687973043,-0.7127809807419564,0
0.9732894392289031,0.4828415000188835,0
0.6950214563039745,-0.20298039166711693,1
0.5658630507798846,-0.49487739680782034,0
-0.8941497341995617,0.3609791051608929,0
1.0298468703971047,0.12714210860563646,0
-0.6267307523234291,0.889897591123532,0
0.7999121174255437,-0.4719097188299179,0
0.30655274460777265,0.9989675213264723,0
0.17506907202690952,0.7306740872403377,0
0.18888295199738914,1.1698707631251457,0
-0.6471248672965307,-0.8145548198875103,0
-0.8617637499445205,-0.051820085893041434,0
-0.37605649153196163,-0.7493847453006213,0
0.30284195519990853,-1.0264430783141085,0
-0.18561579575387857,1.338287755730497,0
0.9582708940547622,0.3973837239378574,0
0.8929509423264494,0.5119949237104509,0
0.0828636116499624,1.1131670638209232,0
0.5070460686239993,-0.6249474670370061,0
0.9864056365952668,0.21286271332327789,0
1.0652604556660148,-0.16447153502374123,0
0.7509761891543248,-0.7750154048342762,0
-1.2151549163757958,-0.09698272148953728,0
0.9159639156175878,-0.22472156731416498,0
0.6231750108627981,-1.0232382147508936,0
-0.010551302857910547,-1.0675815800898116,0
-0.7659417563567003,-0.583404117246208,0
1.1127636907046312,0.43779779567032256,0
-0.9763815065454621,-0.5101014459895339,0
1.0624858479637824,-0.11229517498739516,0
0.4290601126038195,-0.8344529238074349,0
-0.13058866485314052,-1.2203441445727514,0
0.6385999259170043,0.21581826545441002,0
-0.9515718479501789,0.6713376486941286,0
0.06791831682102174,-1.0833174064505289,0
-0.9938305705894407,0.5534298015644344,0
0.533423014055188,1.0161480777809069,0
0.8285683874022101,0.7456422393310304,0
-0.4362947875186169,-1.1346172053371184,0
-0.9883704996380659,-0.2603804593474945,0
-0.9269342315681885,0.6151762634554008,0
-1.1863023553422771,-0.3308564592082954,0
1.1736147076210142,-0.07288902821551398,0
0.07747405739707458,1.0021943717279003,0
-1.0162665002497666,0.2514571313366175,0
-1.1511176312481053,0.5139997117264336,0
1.059008201320578,0.4372027782605677,0
0.017952169259333628,0.8721615527316731,0
0.9750985257731983,-0.5644102423904943,0
-0.9056200107086722,-0.368453071851897,0
-0.099205985161718,0.8813269162426598,0
-0.25081754371917125,0.6229136023908612,0
-0.8330754682269228,-0.15101068820913044,0
0.3975094138221553,-0.20590795489006555,1
1.0181320432763998,-0.43414765835209923,0
0.6749506427015992,0.6053501525491514,0
0.6066615892651132,0.8107481815804214,0
0.2579761823944394,0.907172985172328,0
0.3690562117095533,-0.6473905815031951,0
-0.7495620824141034,0.6484709217732824,0
-0.9110413351360435,-0.6404560415566495,0
-0.8327997668189524,-0.40467364919445165,0
0.9623699746080805,0.41705515737004856,0
0.11178836365811712,-0.848464314508973,0
0.37053855725776724,0.7613742104607547,0
-0.28334726049376113,1.0787923807713722,0
-0.9655903974174556,-0.7390562223543752,0
1.23114044334726,0.3311878215418691,0
1.1371194221583703,-0.011490651292939899,0
0.14616551122666205,-0.964028385811745,0
-0.9814409611716182,0.6725477397758948,0
0.07527160044931291,1.0752108223946029,0
0.8587537331954919,-0.060967795629465873,0
-0.06342713349175086,1.0536307205537547,0
-0.65376258688039,-1.20409384646545,0
-1.0536984244242427,-0.03989311691696684,0
-1.1477270363180916,-0.061254008810632886,0
-1.0614431777243463,0.053997733228261964,0
0.7166047926191689,0.6492866607768297,0
0.4768327808636448,0.8728306915954586,0
0.3348395865347741,0.898220882929952,0
0.8620059975512805,0.022257240422882504,0
-0.010166612931742508,0.30065219759815653,1
-0.6359804917729384,0.9231749738486396,0
1.2311386114616014,-0.19491436742446838,0
0.830768866586617,-0.16274534423993509,1
0.5301198130217881,-0.8023206438766184,0
-0.232070405357005,-1.2555107087637363,0
-0.8654659761817302,-0.6561807117257212,0
0.9037508629620973,-0.42093505993717156,0
0.9358839472285543,-0.32764896931919857,0
0.7322193546807255,0.7606649888625772,0
-0.962622060045509,0.8422341172754912,0
0.7434556947940404,0.979319114697767,0
0.41478173118213435,-0.747020042765748,0
0.8972887968812752,-0.5755440151507119,0
-0.5828395649896682,0.38052808031044305,0
0.9414369413539717,-0.22079347347651723,0
1.0171267802555564,0.2591646232289986,0
-0.34931724725651025,0.8976805242783533,0
0.9014116447254342,-0.319403585299506,0
0.3123618864353458,-1.0036029791431043,0
0.8072846778949274,-0.7561045422756522,0
-0.29844228423598584,-1.0400999722426723,0
-0.7331164848415159,-0.8296671115451731,0
-0.5737471798390867,1.0404697284873834,0
-0.7072719905783633,0.5183665334982448,0
0.8552767934895075,0.2012926760847386,0
-0.8638689957822806,0.28908284495891945,0
-0.4977484536880792,1.0701924225679869,0
0.8609862175752125,-0.09671986091075545,0
0.23262585791596935,0.958069946868325,0
0.29613237584078966,-0.9594078408652547,0
-0.8862536211250671,-0.1660127640200338,0
-0.9971084331197618,0.02911708281557091,0
0.8903308962804501,0.4148239327041155,0
0.9287576033884847,0.6501205565908664,0
-0.6552822936310577,-0.4079754545012233,0
0.9785680792127363,-0.17688088030365984,0
-0.12799138543721372,0.9499973080554803,0
0.49317986948541065,0.9255903085555565,0
-0.8107003718012341,-0.6418022476877193,0
-0.5979773928376103,0.8803796468731901,0
0.29863694541931135,-0.8657325574344805,0
0.643872837040851,-0.4629878685739298,0
-0.7458173425269764,0.6244193952827707,0
-0.5176599003351965,-0.7024239557944896,0
1.0649100390446655,-0.6310766385701501,0
-1.0439312984610547,0.05313546178995611,0
0.11876758813109406,-0.8373816552335288,0
0.8819828764477491,0.2962829336681975,0
0.6818659756666338,0.8462571470567897,0
0.8505849550324421,-0.5672000318234756,0
-1.2643237459493757,0.1124402516709851,0
-0.9826599370025112,0.17809803683849085,0
0.411221690234194,-0.9167550461571522,0
1.0816565861502179,-0.05076841175178649,0
0.06872722942843315,0.9158963631666796,0
-0.24027819554773566,-0.600793588024894,0
-0.7216575693943951,-0.810684521721348,0
-0.8422803799373161,0.7118022762062717,0
-0.49882495695954976,0.9016479165773731,0
0.6003541360567426,-0.8670244664701043,0
-0.387494391565597,0.7753591668586001,0
-1.0073715954256701,0.04526469693423339,0
-0.5495390882598136,0.43272508386412567,1
0.8078660754684426,-0.5578143852004346,0
0.2964946549331219,-0.3659329956653675,1
-0.6103185928109037,-0.21590308608903724,1
0.7341457190059714,-0.2110145458945218,0
-0.8795878778858823,0.30758865299319826,0
0.2390575585711934,0.1986657323659149,1
-0.7097512305575958,0.9130511223735238,0
-1.0764695786080916,-0.6967084656942507,0
-0.48374752724201747,0.6014909125145305,0
-0.12610236579692385,-1.1281890079255639,0
-0.1606633816340035,-1.163201633653151,0
-0.04460187191206244,0.6295934772003935,1
-0.28881742404657784,0.9023407649943573,0
-0.5696038822724794,-1.0794564328795155,0
0.007099752889837718,0.8627468074371465,0
0.7933957988109387,0.6419238559002799,0
0.8548336584746923,0.7684525275011235,0
0.5987976809450494,0.8660911048277222,0
0.4302614451197605,-0.9860572533493124,0
1.0723287487610884,-0.39879568826325784,0
-0.7834432286663566,-0.7285022872143662,0
0.18755740533711623,1.0879713060580243,0
-0.19420621950450045,-0.6851215867284046,0
-0.010122397448096246,-0.8458713771634693,0
0.7326960222261487,0.20037869474984257,0
-1.0690533372900795,0.2942918511045552,0
-0.7013871017697346,-0.6106668721305046,0
0.707109461586836,0.6048082075755696,0
0.684927982885908,-0.6435772982487189,0
0.9167314784550716,0.4313458369957299,0
-0.07800284968785456,-0.26882120978654644,1
-0.3287179326280947,1.2653245965939022,0
0.2479246008454422,1.0945743218810406,0
-0.13162416741069105,0.5265944867795704,1
-0.7531596743671314,-0.6912212893261527,0
-0.9454309248938286,-0.2752371322740866,0
-0.9730402053914912,-0.4718073036419568,0
0.9965134700684817,0.17349649065745415,0
-0.5745447160658245,-0.6992891987576862,0
0.9486199111115088,0.0045051350133847035,0
0.5893536983166556,-0.6445670856294122,0
-1.0165592149510263,0.73560348029159,0
-0.2866275955601176,0.9708585065600678,0
0.3106061053780977,-0.9757980061956286,0
-0.2722825577679304,1.1650140108927494,0
-0.5514736247295352,0.12667168266316764,1
-0.10250124583890147,-0.37717375279362875,1
-1.0075897086057417,0.4657634252548925,0
0.9743703412528211,-0.7241031173684238,0
0.2274229544246063,-1.2410511812402345,0
-0.07855103130532294,-0.9089472517550742,0
-0.274030091284608,0.893022615563633,0
-0.4303881273380592,-0.8335431707475146,0
0.15402096054409614,0.9977497513022106,0
-1.00243859976185,-0.07373827177386316,0
0.9202259357373992,0.20694669011140332,0
-1.013040525113617,-0.2899238977407567,0
0.46594970694329874,0.797830119735156,0
0.9210683597427299,0.30786075119425993,0
-0.40697378122271843,-0.7744836217412052,0
-0.6925531120840321,-0.693304094453126,0
0.21633716921504573,-0.8778375962524495,0
-0.38997436477202757,-0.9422401181919501,0
0.6229649009489423,0.9998569761586145,0
-1.0071838307108212,-0.20645522867250338,0
-0.9049151743389557,-0.2269516682461288,0
0.8499103256526825,0.388552232279193,0
-0.24261863146750606,-1.019336261157852,0
-0.4480132134975904,0.19920811158156757,1
-0.05317506418967184,-0.6771495716776202,0
-0.5402189182950562,0.11265422592035029,1
0.11202127119798645,0.9631973844618549,0
-0.5766720623254332,-1.0002993788116545,0
-0.11577314052814569,0.8797282870369113,0
0.105939366912878,0.9039751021986815,0
0.6014791794472149,-0.8727066581245473,0
-0.8590395446749561,-0.1456364524959441,0
0.43400350651365516,-0.8147664411560093,0
-1.0380116521400318,-0.7429240664472917,0
0.12116939068887968,-0.891525537917927,0
-0.6121456331965395,0.8539689333088072,0
-0.18877163839459138,-0.8308494495776187,0
0.7712938238579611,0.7424051507540919,0
0.5110435850259787,-1.0110241158330997,0
-0.2870059176535299,0.7628462436448732,0
0.69473494141069,0.5048920361360568,0
-0.4006835839696047,-0.8839830604368272,0
-0.8597095293930443,-0.3315509083295962,0
0.3383652264531063,1.2169197180025566,0
0.7135487583187036,0.440214769564135,0
0.5016618592330587,-0.2971027136184095,0
0.6482496206609039,-0.8901322427702933,0
0.4309679005649387,0.8279434761089726,0
-0.454555495145352,-1.0750452870346756,0
0.7762320844250039,0.5408418413059591,0
-0.721203498343379,0.6117828416107832,0
0.9025351067909627,-0.39337859749629867,0
0.8494023914374081,0.05539350494322809,0
-0.13629430513518298,-0.8638401433956482,0
0.4444094613083131,-0.9776586638290812,0
-0.5781107377976432,1.0361699593433285,0
-0.6158183586518482,1.049426275568863,0
-0.16117328052355326,1.201215053298359,0
-0.564882478068424,-0.5401900188737233,0
-0.7896064824043841,0.6230418096643957,0
1.1248872911857173,-0.05682767592605266,0
0.6258442806921874,-0.5554530831360931,0
0.945836843065117,-0.7634511378113122,0
0.6799162592818087,-0.6509742727706793,0
0.09874158975751188,1.1152177784687833,0
0.5039223338333614,0.7984183406836456,0
-1.0254625073997226,0.08866866710986253,0
0.13542004953084902,-0.9811440410251234,0
0.14072148602005405,1.1471321827842178,0
0.4255200336980882,0.7784331442461503,0
-0.6691545023401325,-0.6486793107801998,0
0.3262001116648914,0.722766253033351,0
-1.2302635721294715,0.2155955667244244,0
-0.5250124448060397,-0.6724093664402279,0
0.3924810590220704,-0.9780799847579569,0
1.0243881196217182,-0.2651221481434189,0
0.6861396864449785,0.7720173001919131,0
0.27392928079481016,0.9734482443348422,0
-0.6445237296554701,0.8850362436163717,0
0.48634846831324124,0.7708076030132859,0
1.1506289181063,-0.14448437561785882,0
0.1077834444373217,-0.8931839910766056,0
-1.0020783078680762,0.8702215919436634,0
-0.5293530347511536,-0.8468927414412192,0
0.40046733828326797,-0.9043278734923119,0
0.8630110782129511,-0.30292492220120915,0
-0.21119368999996047,1.021260455703017,0
-0.8086433068717944,0.838771390219109,0
0.9583959549667936,-0.4561605566459337,0
0.7295186097715224,0.571907243662445,0
-0.7734497772726142,-0.751024208812585,0
-0.056559333111657034,1.278479785829837,0
-0.43444193049780205,0.8577932326533071,0
-0.4806097800725187,0.6393239226989763,0
-0.3975207397230045,0.8949658010043055,0
0.21298427766894001,-1.2810350982189687,0
0.9351376582752192,-0.004984809114444877,0
0.15502127238604393,1.0757640031250268,0
0.850794328007913,0.6695563030088798,0
0.22029835156027525,1.0424984460606668,0
-0.9390263780196219,0.15159203291638296,0
-0.4647365115189968,0.738204804240214,0
-0.9914180321559557,0.3883899120045532,0
-0.02121770663785129,1.17147348419696,0
-0.8444242114575772,-0.481878851760699,0
0.9461557812587348,-0.3969723708793914,0
0.36986689561021824,0.9618942160728005,0
0.6847541239409947,0.6549481749127357,0
0.33260155409550757,-0.8502594823403624,0
-0.624980549814645,0.9088798805250824,0
0.6796855133694114,-0.7475639193912083,0
0.013368561039333551,1.0780531279889827,0
0.646526838835956,-0.8053529602997895,0
0.8055942655729607,0.07919446033352295,0
-0.02783892184729938,0.8665806871442774,0
0.06584744768507016,-0.9015970705162393,0
-0.9090121894974788,-0.609481282319878,0
0.4804676166424976,-0.7997896342252526,0
0.43052762421342294,0.9339140437056264,0
-0.372615422154279,0.7548071374164218,0
1.0424419162403504,0.008495257035486772,0
0.8521211027877337,-0.6910578191459185,0
0.6468532516574786,0.9718582623519656,0
-0.9434152477780419,-0.037300047365390304,0
-1.1777422902496824,-0.519156301801732,0
-0.38562223597609196,0.8105196881460367,0
0.8794692220547785,-0.5970704209643828,0
0.11190354113088573,-0.986697643729815,0
0.36715498062259083,0.9365081386609853,0
1.0333370562244777,-0.41149627039606984,0
0.17327134773276323,1.0188725537456416,0
-0.12040921957462722,-0.7297791305383908,0
-0.7526489171301414,-0.5461811323916438,0
0.35923459641713945,0.8359660074157927,0
-0.688192536172477,-0.42156524238891474,1
-1.118507664338046,0.15258528383961836,0
0.5231761670614155,0.9903084391857931,0
-0.8563292881040252,-0.48572817764056664,0
1.1047773500618268,0.28916142256681965,0
0.31961760730339794,-0.9945607122530788,0
-0.8963124745935328,-0.3198600016456025,0
-0.017740803640396485,-0.9155083965917783,0
0.44249706032890623,0.6645548637213794,0
0.9707114769438113,-0.21039112046405178,0
0.9330131053014669,0.6015320888765022,0
-0.8395069115597633,0.29819315592584056,0
0.6502897677330675,0.31382036511973743,0
0.048386939689301606,0.8399970473499455,0
0.5725625508963864,-0.9846195490570075,0
1.5057645904854282,0.2653725993403472,0
1.0131835681612062,-0.2703047072637184,0
0.5897762816358785,0.713511615136351,0
-0.7923315353468545,-0.2195436494119353,0
-0.8664491348142235,0.014156103999703991,0
-0.5462829287245441,-0.8200666739295245,0
0.9599555436859314,0.2567227698981529,0
1.009093944441944,0.35944537496925166,0
0.6495009336538435,-0.9608572061751199,0
0.6445502584427534,0.6929138058948967,0
-0.9315731118027284,-0.43236208056764835,0
-0.5001057969576161,0.17751407180566203,1
0.8602697050659567,0.16005194343061113,0
-0.9169008418730731,-0.09350169338494957,0
-0.24593744982152232,0.8781562551547043,0
0.5272547617919945,-1.193952506885362,0
-0.6436141332790019,-0.797725951346937,0
-0.9100376072789681,-0.1179012781039572,0
0.32408509610257563,1.0339545774116314,0
-0.757184524869186,-0.29865297517501355,0
-0.9076646287165201,-0.3988123326892362,0
-0.711697748544304,0.5995857183322146,0
-1.1446414753072525,0.28523785629349196,0
-1.0279840975338843,-0.1862316931243656,0
0.5665152430476285,-0.8873103848015375,0
-0.042680780238888605,-1.0199888106700463,0
0.522517620565019,0.834368821529126,0
-0.7507509271536766,-0.6082158149501358,0
0.3702008146364793,0.875633484042743,0
1.0752335234398869,-0.05598412044748805,0
0.25872942089572826,0.9055087194753524,0
-0.5258721824357838,-1.0181940153889089,0
-0.5859501426366518,-0.5343669587931971,0
-0.4936268255892145,0.6163441103409949,1
-0.19898771149719932,-1.0223454011857278,0
-0.5760484245937982,0.8956975269376337,0
0.35709334060934317,1.0667457113642498,0
-0.639959196239102,-0.746829142424408,0
0.518071203875544,0.8914220289517923,0
0.5467197204287614,-0.6999553749030699,0
0.4702366245557933,-0.3448085573401783,1
0.6588076809647854,-0.7526232273638161,0
-0.1028395327673289,-1.1130800487960426,0
0.48857512910609885,0.2826972922526605,1
-0.5002772665549572,0.7320432659974488,0
0.8691243246355045,-0.4825939632238658,0
-0.07895628936538612,0.8673361896855498,0
-0.4229665388878148,0.775587391696756,0
-0.6665887925057662,-0.726286878635616,0
0.8037843998570252,0.24755494354860386,0
0.7782160682963037,-0.12359540561042481,0
0.6986380180847874,0.9029819654370581,0
0.37207749183991023,0.6651202411232218,0
0.5450539656618625,0.8880091471982464,0
0.43650935173680133,0.9425794960213767,0
1.0222911013495892,0.6149864832006571,0
-0.16413619700917736,0.9231518792240441,0
0.9609821811181147,0.5800856966989435,0
-0.8020583499834336,-0.05398217820702811,0
-0.11112363433065348,1.2277522518329507,0
-0.5654305987571889,0.6819973719330783,0
0.6969738726109553,-0.870488922580799,0
1.2681844779748006,-0.2717386097102474,0
0.4053049388719793,1.163932424087845,0
-0.872458437430268,0.8939370925167894,0
-0.6964407271820331,0.8262574769340787,0
-0.8612511666769606,-0.5586797758844935,0
0.9332918176596435,-0.7425113443472984,0
0.19527138331886118,0.9891632775214076,0
-0.5153463916177785,0.43075737704660244,0
0.2848610175960307,0.7380988131908343,0
-0.565430349354319,1.1429558993298112,0
-0.5277750009411303,0.9943739940763243,0
0.6332294900132087,0.9237984039415953,0
0.7942267541728821,-0.8159394413673692,0
0.2758843574935528,-0.8405101906616983,0
-0.8598747270358426,-0.5004635918572595,0
-1.0287459785322803,0.24945077317988962,0
0.2569924664619738,-0.6975799018440745,0
0.6259426969450358,-0.6693424600122679,0
-0.44395217918843094,1.1199162516699308,0
0.41043660048190395,-0.9338663021523749,0
-0.868989855864706,0.729375701798675,0
1.2939175994259566,0.15639745947919514,0
0.29199925119587894,-0.9356613191787775,0
0.6691775931002122,0.6877235191519565,0
0.26064939109648255,-1.006180685251729,0
-1.1503150346409496,-0.13744893587865553,0
0.5216280179414787,0.4901371777518405,0
0.8274112788355491,-0.31362060419633164,0
0.2717052008877501,-0.5866919163066253,0
0.2071604014507129,-1.0349380785350393,0
0.5677739819333982,0.7541736830303275,0
0.33526660246907,-0.5012304613372602,0
-0.9674906157672479,0.7043831676419157,0
-0.5527380368760451,0.7698211934993492,0
0.4264069776360692,-1.0826394682771476,0
0.0061654712304741646,-1.130963755195502,0
-1.0957151378303285,-0.23499488370285243,0
-0.8601870407844516,-0.2867273763454022,0
0.9624151845055274,-0.340102582087491,0
-0.8351773168089556,-0.5079825530805796,0
0.1817070779442786,-0.9867143499435934,0
-0.3077024059799355,-1.1096436225667163,0
-0.9000904833342995,0.04407713092994581,0
-0.47578760401515807,-1.0594498573528128,0
-1.092934202092055,0.21458430741204465,0
0.7583228035120873,0.6181998797490216,0
0.6902979938609237,-0.5874115651896958,0
0.9503305023508335,0.3069780120652102,0
-0.9252897452587745,-0.308687836398825,0
0.5324768826631286,-0.6809182583118981,0
-0.6172221660378112,0.3548905906284811,0
-0.35202191753579937,-0.7590074792191495,0
0.24910131118124185,1.1527636928439393,0
-0.7317440404474715,-0.4071493496744083,0
-0.7548059088894103,0.4745896649086796,0
-0.9642513250783759,0.37633501873931774,0
-0.7441366460653828,-0.49946035273760675,0
-0.9483465461488139,0.14137324371558693,0
-0.596258356253478,0.7070841128680811,0
-0.6809512837878495,-0.639293599837161,0
-0.3406380119455224,-1.0864931325257055,0
0.3336035677196588,0.038555449869514785,1
-0.8242088583823297,0.39919149925679764,0
-0.7835222684472758,0.19150693610050046,0
-0.8136096882968737,0.5639597140698608,0
-0.8567337484860846,0.8296150935378572,0
0.06720714426208503,-0.8397746171035119,0
0.456264081145956,1.0738784319816312,0
-0.9389879117644706,0.19063209005389928,0
-0.8269449872303227,-0.5165795054826501,0
-1.1984784526753574,-0.13505417765288955,0
0.8365097359152328,0.7961356484253042,0
-0.5556818664058891,-0.7652399773943718,0
0.8406373030570837,0.46256437099032627,0
0.3711356949979618,0.9428961460055185,0
1.0246198979578043,-0.3526002568109979,0
-1.0253030261973226,0.5001933449894623,0
0.5680310286952546,-0.2468456706066492,1
0.4976497643307243,-0.8732776627618795,0
-0.8049834181924954,0.013577348224252273,0
1.0003307770080725,0.22195552452685272,0
0.41834950931926285,-0.7898853268396603,0
-0.7102579454018481,-0.6333440058342038,0
0.5923635735440701,-0.7458408382483047,0
-1.0405687250956825,-0.30115228851044845,0
-0.5777906040551508,-0.8063461974578231,0
0.10322180903492505,-0.8598848066146256,0
-0.8260358212962232,-0.1733648603009351,0
0.9386571773719431,0.45655828507591656,0
0.8077422842167794,0.729017616546789,0
-1.1819239149439715,0.17976532100363066,0
-0.2937870296181791,-0.9408103952641478,0
-0.9890701331682886,-0.18148672971411728,0
-0.9148286098066672,-0.42073501878816444,0
0.9369315509074109,0.5729041059218484,0
-0.825325366700508,0.4132005560352996,0
0.7217044557218599,-0.5209266210763048,0
-0.6670903472349401,0.8048881895794676,0
-0.6334231194272857,0.10402939126129788,0
0.4206102945803176,-0.9324057338728832,0
-0.7486913986657475,-0.6100023818202229,0
1.149699264277259,-0.16887653478252385,0
-0.8974006938866844,0.5028827006326672,0
0.9502607908635674,-0.5062422306872804,0
-0.038766596385815616,-0.9780602955561253,0
0.8560699528894443,-0.3775496392572272,0
-0.8552567518735341,-0.235472248605894,0
-0.4846094562021319,-1.0412135835152325,0
0.17937185191257823,-0.4172942833898744,1
0.06359564464374914,1.0477667870898186,0
0.9368458480574321,0.18150707695753482,0
0.43850028129307567,0.6877033666874293,0
-0.4922765970315928,-0.8585571861867706,0
-0.7664102160749966,0.3203093780327558,0
1.0669974035801368,-0.00889840966829647,0
0.7387470889116176,0.7493202357173656,0
-1.0407537363886172,0.7107020981862484,0
0.3989909550255479,-0.6825573506998295,0
0.5019894556552739,-0.8704498245949227,0
0.2891685638767562,0.52694548885088,0
-1.1115839641493612,0.17776076350262499,0
-0.13413211382034324,-0.7033408796249316,0
0.5639799900010938,-0.658018686344531,0
-0.39527403998476485,0.9443581742249474,0
0.8693951606992584,0.24905281376550173,0
0.11355639366811376,0.9106232551375003,0
-1.16342845017146,-0.3672176426104268,0
1.1468323705526242,-0.2580029447274977,0
0.3958596796313678,-0.7544445326432658,0
1.2262342854643153,0.035245594067404185,0
-1.0034950441479658,-0.05371472069459509,0
0.4505024972465161,1.0291703795363345,0
1.0225811948317964,0.45403489686519916,0
-0.3013062930790592,-1.0185751375549144,0
-0.8751308595810666,0.11816707729832693,0
-0.8030096040470485,0.8785025387166059,0
-0.29436134691367133,-0.9952060371875402,0
0.42931083621981836,0.8335889661523046,0
0.8394288113810628,-0.3691143036412984,0
-0.15411366322009795,1.0338123743616032,0
-1.100591907364091,0.44887601684958545,0
0.6874234595120082,0.9033554686105376,0
0.8676147753348687,0.5487289821558995,0
0.42421136975268187,-0.2537941131401662,1
0.8128207051875204,-0.476539151191123,0
-0.24174078924315612,0.6893904089000409,0
-0.5791481036673951,-0.6715184243016679,0
-0.596943083138117,-0.7149077218461181,0
0.5587739880332652,0.47902491160333843,0
-0.9186239883690378,-0.04703378759351037,0
0.37160535005371365,-1.3882622987361157,0
-0.6832553513543397,-0.9701056254546134,0
-0.21638670959983722,-0.9856008866666066,0
-0.238092072733266,0.9076718307077797,0
-0.9568660460405128,-0.6895080567513466,0
-0.19525726241199562,-0.4651528881636695,1
0.8509397244661909,-0.11458104820821036,0
-0.7197274018695679,0.7771969317494931,0
-0.8041329082627962,0.7843084822769585,0
-0.25968096833709303,-0.774909835518161,0
0.5622161892831647,1.0114028951899154,0
-0.34375205215640786,-0.7068953661052672,0
-0.9221340454439343,0.2836499736029503,0
-0.7225298055090648,-0.9666631723040017,0
-0.8335783525608809,-0.4858016497237338,0
-0.5084685485432018,0.8797305239006452,0
-0.21879802110666302,-0.9522283396875734,0
0.7170156169657216,0.6814088658790249,0
-0.6991209111722603,0.7549599127473363,0
0.8560253127116534,-0.04751239822623225,0
-0.29125708292600055,-0.9239799394570526,0
-1.2256476392833675,-0.201153539846361,0
0.831370839443011,-0.49900725533308227,0
-0.2377210769323191,-0.8775066279061937,0
0.7251598015994241,0.02193462511712614,1
0.9420661068569087,0.6859332031676042,0
0.8241691260093632,-0.5359315555596184,0
-0.9706761453383403,0.12027356316938112,0
-0.8299323556282406,-0.46496107749294363,0
-0.9139221245907495,-0.545976691236586,0
-0.7165781096733632,-0.34085778801252037,1
0.27613281635629217,0.9363658987725952,0
1.0299035254902158,-0.4328411672863234,0
0.09704916478221473,0.9963720335017322,0
0.46987601855079697,-0.9555426580590897,0
0.8114203854102748,0.4805353890668057,0
0.18764309149276476,-0.7787932087066063,0
0.24180245976305814,0.6515525311440467,0
0.8827557681135569,0.29525282259048646,0
0.12197397125825199,-1.0614108276269294,0
0.7177462609707675,-0.7143158253148147,0
0.8610772761073631,0.8093520389153285,0
1.0813051926263535,-0.4362638975445916,0
0.733099619266672,0.45595986687964624,0
-0.9685019527447251,0.25611032199886863,0
0.10974547388200905,-0.34099500013383927,1
0.9745132027887977,0.184705805235285,0
1.066674871473917,0.08492477355098332,0
-1.1069766684199738,0.16089176297397234,0
-0.9009820605279233,0.19736986096144588,0
0.9409716486256965,-0.10128456515396989,0
-0.9458768434733948,0.593895504673748,0
1.0012725389394743,-0.06065230399796134,0
0.8822918598672395,0.12524482596769268,0
0.7115857346871153,-0.9907857687465125,0
0.20811298289588281,0.7774923484556752,0
0.6715286919732576,0.11324257791860562,0
0.398539709615124,0.49484459756413945,1
0.28123270370332454,0.9641111883167786,0
0.2674117568711081,0.9237925314415663,0
-0.8616242812809932,0.4611742458096172,0
-1.1373342939478746,-0.33116739862479344,0
0.9843954365031441,-0.14498349653224601,0
-0.9195971397757161,0.5447258425185079,0
0.5939399251770231,-0.9625133003526005,0
0.6217611594185117,-0.946730893941278,0
0.3755320329635486,-1.0957231010882431,0
0.9160316871842752,-0.6209387532302009,0
-0.6485879166769806,0.685049776694592,0
0.9007412931057229,0.7313976244396488,0
0.4658053495593721,0.8335575084360787,0
-0.9959930344585176,0.31935586898617097,0
-0.40014619753370617,1.0275197231221465,0
-0.9035067654150015,-0.06331420699694022,0
-0.22548587946008325,1.0535869308551196,0
1.1539011657023976,-0.013323139179127468,0
1.045720722828887,0.30062518853763626,0
-0.9879119189867548,0.307634380240178,0
-0.8467122430534179,0.5212204101541912,0
-0.2621138587102262,-1.0989570042443415,0
0.2940800481663961,-0.898421415055831,0
-1.1601012379064999,0.33003221408341143,0
0.25008884936478537,-1.1533875111521328,0
0.8876640543573034,0.7318980250414782,0
-0.11789843834038632,1.2354602353919455,0
-1.0651155835902593,0.23904254007616138,0
0.09168550348852389,1.0632555209871373,0
0.1929678298095368,-0.8675726460104903,0
0.15939426137129153,1.0199405836435946,0
1.1186892687677905,0.8165552812381918,0
-0.6034678649016728,0.32370455158015854,1
0.39044227706073564,0.8734777533695236,0
-0.7088884655011926,-0.5957805608299462,0
0.11251050098263694,-1.1173309052794118,0
-0.9852103925427779,-0.642913930918581,0
0.35523245009055243,-0.43869636980021476,1
0.6384270853013763,-0.3944162570632024,0
-0.7890854397279117,-0.12936283767445886,0
-0.41728012396288083,-1.0693250094247464,0
-0.45797181945774085,-0.9701643363523206,0
-0.1687099479240471,0.9490034460386404,0
-0.45726720734177917,-0.737247912643279,0
0.39908884437787395,0.8545449985543037,0
0.12824641765000383,1.146041939479647,0
-0.9634759164667605,-0.275483472920611,0
-1.130355863175392,0.16313920227075934,0
0.6651683777942419,-0.2166956828676697,0
0.8753338719357059,-0.5868632259348534,0
1.0312531456464478,0.01802720438048716,0
-0.5293687276940557,0.7098768330739313,0
-0.32483306364446035,1.2071008336616151,0
-0.7374702643839426,-0.10973539083985258,0
1.0688213884449465,-0.6103146361709241,0
-0.6378483136104937,-0.8970413722325674,0
0.4804056201136855,-0.7747141044282839,0
-1.0442182778975628,0.0840107705258743,0
0.24958328958450393,0.27930589399928213,1
-0.15334480813025617,1.0037959081000989,0
-0.0031411225697021705,-0.9129793677890017,0
-0.6571300175427934,-0.907902260998371,0
-0.19197347143898003,-0.8282735477406497,0
0.13109898821122773,0.7683254823392561,1
-0.5958229596596707,0.8932264213940123,0
-0.8609339999740021,0.38404207815212293,0
-0.41920005757679013,-0.8271597869677407,0
-0.42787997267370625,-0.7396962642245767,0
0.8274653620547463,-0.18828959877962725,0
-0.7034767464314255,-0.7419562014937127,0
0.4261240517046311,-0.5567874884669411,0
0.48815775658003424,-0.7649069678545213,0
-0.8237980475376121,0.4313502467285746,0
1.1205990547273255,0.5604400366117455,0
0.7674000978549442,0.005881387925338405,1
-0.584228922697038,0.4338796469670179,0
-0.6802180916882872,0.6612635332779739,0
-0.5511572792584618,0.14618912188229058,1
0.6526750275710119,-0.1746073301992174,0
-0.008300603166020493,-1.0775072029395092,0
0.7292839973532925,0.6525649368770959,0
-0.613054444649559,-0.47763536285624464,0
0.5459063372309161,0.7451802225204582,0
-0.09732352911228837,-1.1457719662192025,0
-0.5731555468564917,0.1687868048922172,1
-0.25286735207631916,1.0711260710675514,0
-0.7995087074668333,-0.44071459060879825,0
-0.5668134917990246,-0.402509338112108,0
0.5392743359261134,0.8041396873077058,0
-0.8230674428548995,-0.5337695831699021,0
0.8149883046051444,0.1117317991227387,0
0.47084150700841854,0.71363228139782,0
-0.8603606045394214,0.21412016645067863,0
-0.6977420546210565,0.5819729500309311,0
0.3212829481765159,-1.1021712962425103,0
0.08251444574308388,-1.0888952439428294,0
-0.4570164770129501,-1.038784792127396,0
-0.9918303495806503,-0.1115162009145925,0
-0.563548044815829,0.9777187255191494,0
0.27076925433759125,-0.9724187654245403,0
-0.9278538398910449,-0.07156457426195506,0
0.4165694490483329,-0.6783237686639716,0
